61353,1370
61353,56714
61353,61542
61353,11262
61353,48574
61353,1372
61353,1304
61353,57414
61899,1370
61899,30500
61899,56714
61899,54096
61899,11262
61899,50716
61899,39186
61899,44302
61899,1372
61899,10652
61899,59396
154077,1370
154077,30500
154077,56714
154077,61542
154077,11262
154077,1304
154077,60978
164337,1370
164337,30500
164337,56714
164337,61542
164337,11262
164337,48574
164337,50716
164337,44302
164337,1304
164337,63510
164337,57414
172056,1370
172056,56714
172056,11262
172056,50716
172056,33886
172056,1372
172056,1304
172056,35846
176643,1370
176643,56714
176643,61542
176643,11262
176643,48574
176643,1304
176643,57414
181593,1370
181593,56714
181593,11262
181593,35732
181593,50716
181593,39186
181593,33886
181593,1304
181593,10652
181593,63510
183213,61364
183213,1370
183213,30500
183213,56714
183213,50270
183213,54096
183213,11262
183213,35732
183213,48574
183213,39186
183213,34092
183213,57804
183213,16358
183213,44302
183213,33886
183213,50274
183213,3382
183213,10808
183213,1372
183213,1304
183213,60978
183213,35846
183213,10652
183213,42132
183213,33534
183213,50720
183213,62944
183213,63510
183213,57414
183213,63218
183912,1370
183912,61542
183912,11262
183912,48574
183912,61552
183912,50716
183912,16358
183912,1372
183912,59822
183912,1304
183912,35846
183912,62376
184698,1370
184698,11262
184698,48574
184698,50716
184698,1372
184698,59822
184698,1304
184698,63188
184698,57414
184698,62170
187101,61364
187101,1370
187101,30500
187101,61542
187101,50270
187101,11262
187101,48574
187101,50716
187101,39186
187101,44302
187101,1372
187101,1304
187101,60978
187101,10652
187101,63188
187101,57414
187806,61364
187806,1370
187806,30500
187806,56714
187806,50270
187806,54096
187806,11262
187806,35732
187806,48574
187806,36720
187806,39186
187806,57804
187806,16358
187806,44302
187806,124
187806,50274
187806,3382
187806,10808
187806,1372
187806,54290
187806,50272
187806,1304
187806,60978
187806,10652
187806,42132
187806,51974
187806,63188
187806,57414
187806,59396
188787,1370
188787,30500
188787,54096
188787,11262
188787,39186
188787,124
188787,33886
188787,1372
188787,1304
188787,49888
188787,60978
188787,10652
188787,63188
188787,63510
188787,57414
194082,1370
194082,30500
194082,56714
194082,61542
194082,11262
194082,48574
194082,50716
194082,1372
194082,1304
194082,57414
205353,1370
205353,11262
205353,35732
205353,50716
205353,39186
205353,1372
205353,1304
205353,10652
206787,61542
206787,11262
206787,61552
206787,1304
206787,35846
206787,33534
207222,1370
207222,30500
207222,56714
207222,61542
207222,54096
207222,11262
207222,48574
207222,39186
207222,44302
207222,33886
207222,1372
207222,1304
207222,60978
207222,10652
207222,57414
209697,1370
209697,30500
209697,56714
209697,61542
209697,11262
209697,35732
209697,1304
209697,35846
209697,10652
217848,61364
217848,1370
217848,30500
217848,56714
217848,61542
217848,11262
217848,48574
217848,39186
217848,44302
217848,33886
217848,1304
217848,60978
217848,10652
217848,57414
229527,1370
229527,30500
229527,56714
229527,11262
229527,50716
229527,39186
229527,44302
229527,33886
229527,1372
229527,60978
229527,42132
229527,63188
229527,57414
230286,61364
230286,1370
230286,30500
230286,56714
230286,61672
230286,11262
230286,35732
230286,48574
230286,50716
230286,39186
230286,44302
230286,33886
230286,1372
230286,1304
230286,60978
230286,10652
230286,62944
230286,63510
230286,57414
230331,1370
230331,56714
230331,11262
230331,48574
230331,50716
230331,44302
230331,33886
230331,1372
230331,59822
230331,1304
230331,10652
230331,63510
230331,57414
232410,1370
232410,30500
232410,56714
232410,61542
232410,11262
232410,35732
232410,50716
232410,1372
232410,1304
232410,63510
236115,1370
236115,30500
236115,56714
236115,61542
236115,11262
236115,44302
236115,1304
236115,49888
236115,60978
236115,61028
236226,1370
236226,30500
236226,56714
236226,11262
236226,35732
236226,48574
236226,39186
236226,44302
236226,1372
236226,1304
236226,60978
236226,10652
236226,63510
236226,57414
238068,61364
238068,1370
238068,30500
238068,56714
238068,61542
238068,11262
238068,35732
238068,48574
238068,39186
238068,34092
238068,33886
238068,1372
238068,1304
238068,10652
238068,62944
56868,1370
56868,11262
56868,1372
70890,56714
70890,50270
70890,11262
70890,50716
70890,44302
70890,33886
70890,1304
71274,1370
71274,30500
71274,56714
71274,61542
71274,54096
71274,11262
71274,35732
71274,48574
71274,36720
71274,39186
71274,34092
71274,57804
71274,44302
71274,124
71274,33886
71274,50274
71274,1372
71274,50272
71274,1304
71274,60978
71274,50720
71274,57414
88920,61364
88920,1370
88920,30500
88920,56714
88920,61672
88920,61542
88920,50270
88920,54096
88920,11262
88920,35732
88920,48574
88920,39186
88920,57804
88920,44302
88920,124
88920,33886
88920,50274
88920,10808
88920,1372
88920,1304
88920,60978
88920,10652
88920,61028
88920,63188
88920,62944
88920,63510
88920,57414
154797,61364
154797,1370
154797,30500
154797,61672
154797,61542
154797,54096
154797,11262
154797,35732
154797,48574
154797,39186
154797,34092
154797,44302
154797,124
154797,33886
154797,50274
154797,1372
154797,59822
154797,1304
154797,49888
154797,60978
154797,10652
154797,63188
154797,63510
154797,57414
154797,62376
154887,1370
154887,56714
154887,61542
154887,11262
154887,48574
154887,50274
154887,1372
154887,1304
154887,63188
155556,1370
155556,30500
155556,56714
155556,61542
155556,54096
155556,11262
155556,48574
155556,39186
155556,44302
155556,33886
155556,3382
155556,1372
155556,1304
155556,60978
155556,10652
155556,63510
155556,57414
165687,1370
165687,61542
165687,11262
165687,61552
165687,16358
165687,33886
165687,1304
165687,35846
171939,1370
171939,30500
171939,56714
171939,61672
171939,11262
171939,35732
171939,50716
171939,33886
171939,59816
171939,1304
171939,10652
171939,42132
171939,63188
171939,57414
183195,61364
183195,1370
183195,30500
183195,56714
183195,61542
183195,54096
183195,11262
183195,48574
183195,50716
183195,39186
183195,44302
183195,33886
183195,50274
183195,1372
183195,1304
183195,10652
183195,63188
183195,57414
186384,61364
186384,1370
186384,30500
186384,56714
186384,54096
186384,11262
186384,35732
186384,48574
186384,61552
186384,39186
186384,44302
186384,124
186384,50274
186384,61558
186384,1372
186384,1304
186384,60978
186384,35846
186384,10652
186384,42132
186384,63188
186384,63510
186384,57414
186384,63186
186384,50718
186384,62170
186384,62376
188331,1370
188331,30500
188331,56714
188331,50270
188331,54096
188331,11262
188331,36720
188331,39186
188331,57804
188331,44302
188331,33886
188331,50274
188331,10808
188331,54290
188331,50272
188331,1304
188331,60978
188331,10652
188331,51974
188331,63188
188331,62944
188331,59394
188331,63510
188331,57414
188331,59396
203502,30500
203502,56714
203502,61542
203502,11262
203502,35732
203502,48574
203502,34092
203502,16358
203502,44302
203502,33886
203502,1304
203502,60978
203502,35846
203502,10652
203502,33534
203502,62944
203502,63510
203502,57414
203502,50718
203502,48980
206433,1370
206433,30500
206433,56714
206433,61542
206433,11262
206433,48574
206433,39186
206433,44302
206433,33886
206433,1372
206433,1304
206433,60978
206433,10652
206433,63510
206433,57414
207996,1370
207996,30500
207996,56714
207996,61542
207996,11262
207996,35732
207996,48574
207996,50716
207996,16358
207996,1304
207996,60978
207996,33534
207996,63510
207996,57414
210141,1370
210141,30500
210141,56714
210141,61542
210141,11262
210141,35732
210141,48574
210141,50716
210141,33886
210141,1372
210141,1304
210141,60978
210141,10652
210141,63510
217782,61364
217782,1370
217782,30500
217782,56714
217782,50270
217782,54096
217782,11262
217782,35732
217782,48574
217782,39186
217782,57804
217782,44302
217782,124
217782,50274
217782,10808
217782,1372
217782,54290
217782,1304
217782,60978
217782,10652
217782,63188
217782,62944
217782,57414
218265,1370
218265,30500
218265,56714
218265,61542
218265,11262
218265,35732
218265,48574
218265,50716
218265,33886
218265,1304
218265,57414
218265,50718
220713,1370
220713,30500
220713,56714
220713,61542
220713,11262
220713,35732
220713,48574
220713,50716
220713,39186
220713,16358
220713,44302
220713,1304
220713,60978
220713,10652
220713,61028
220713,57414
220713,62376
222906,1370
222906,30500
222906,56714
222906,50270
222906,54096
222906,11262
222906,48574
222906,39186
222906,44302
222906,33886
222906,50274
222906,1372
222906,1304
222906,60978
222906,10652
222906,63510
222906,57414
222906,59396
231663,1370
231663,56714
231663,61672
231663,11262
231663,33886
231663,60978
231663,10652
231663,63510
231663,57414
231900,1370
231900,61542
231900,11262
231900,35732
231900,48574
231900,1372
231900,1304
231900,10652
231900,57414
232035,1370
232035,30500
232035,56714
232035,61542
232035,11262
232035,35732
232035,48574
232035,44302
232035,33886
232035,1372
232035,1304
232035,60978
232035,63510
232035,57414
232035,50718
234018,1370
234018,30500
234018,61542
234018,11262
234018,35732
234018,50716
234018,44302
234018,33886
234018,61558
234018,1372
234018,1304
234018,60978
234018,61560
234018,50718
234018,56696
234297,1370
234297,30500
234297,56714
234297,54096
234297,11262
234297,48574
234297,50716
234297,39186
234297,33886
234297,50274
234297,1304
234297,10652
234297,63510
234297,57414
244404,1370
244404,56714
244404,50716
244404,1304
244404,57414
244479,30500
244479,61542
244479,11262
244479,50716
244479,39186
244479,1372
244479,1304
244479,63510
244479,57414
244575,1370
244575,56714
244575,11262
244575,1304
60864,1370
60864,56714
60864,61542
60864,11262
60864,35732
60864,50716
60864,16358
60864,33886
60864,1372
60864,1304
60864,60978
60864,35846
60864,63188
60864,57414
60864,56696
72645,1370
72645,61542
72645,11262
72645,35732
72645,48574
72645,50716
72645,33886
72645,1304
72645,10652
72645,57414
165717,1370
165717,30500
165717,56714
165717,61542
165717,54096
165717,11262
165717,35732
165717,48574
165717,39186
165717,124
165717,1372
165717,1304
165717,63188
165717,63510
165717,57414
173940,1370
173940,30500
173940,61542
173940,11262
173940,35732
173940,50716
173940,1372
173940,1304
173940,10652
173940,57414
175266,1370
175266,56714
175266,61542
175266,11262
175266,35732
175266,48574
175266,50716
175266,33886
175266,1372
175266,1304
175266,60978
175266,35846
175266,10652
175266,63188
175266,63510
175266,57414
189045,61364
189045,1370
189045,30500
189045,56714
189045,61542
189045,11262
189045,35732
189045,48574
189045,39186
189045,44302
189045,1372
189045,59822
189045,1304
189045,60978
189045,10652
189045,63188
189045,62944
189045,63510
189045,57414
198945,1370
198945,61542
198945,11262
198945,48574
198945,39186
198945,33886
198945,1372
198945,1304
198945,60978
198945,63510
198945,57414
204093,1370
204093,30500
204093,56714
204093,61542
204093,11262
204093,35732
204093,48574
204093,50716
204093,1372
204093,1304
204093,10652
204093,63188
204093,57414
205107,1370
205107,56714
205107,61542
205107,11262
205107,48574
205107,16358
205107,33886
205107,1304
205959,1370
205959,30500
205959,56714
205959,61542
205959,11262
205959,35732
205959,48574
205959,50716
205959,39186
205959,16358
205959,124
205959,1372
205959,1304
205959,10652
205959,63188
205959,63510
205959,57414
211047,1370
211047,30500
211047,56714
211047,11262
211047,35732
211047,1304
211047,60978
211047,10652
211047,63510
211047,57414
212397,61364
212397,48574
212397,50716
212397,1372
212397,1304
212397,57414
212550,61364
212550,1370
212550,61542
212550,11262
212550,50716
212550,1372
212550,1304
212550,49888
212550,63188
220047,1370
220047,56714
220047,11262
220047,50716
220047,39186
220047,60978
220047,10652
234093,1370
234093,30500
234093,56714
234093,61542
234093,11262
234093,35732
234093,48574
234093,44302
234093,33886
234093,1304
234093,60978
234093,10652
234093,63510
234093,57414
234120,1370
234120,56714
234120,61542
234120,11262
234120,1304
60888,1370
60888,30500
60888,56714
60888,54096
60888,11262
60888,35732
60888,48574
60888,39186
60888,44302
60888,1372
60888,1304
60888,60978
60888,10652
60888,62944
60888,63510
60888,57414
61482,1370
61482,30500
61482,56714
61482,54096
61482,11262
61482,48574
61482,39186
61482,44302
61482,60978
64299,1370
64299,30500
64299,56714
64299,61542
64299,11262
64299,35732
64299,50716
64299,33886
64299,1372
64299,1304
64299,63188
64299,63510
64299,50718
64299,62376
154041,1370
154041,30500
154041,56714
154041,11262
154041,35732
154041,48574
154041,1304
154041,10652
154167,61364
154167,1370
154167,30500
154167,61542
154167,11262
154167,48574
154167,39186
154167,10808
154167,61558
154167,1372
154167,1304
154167,49888
154167,60978
154167,10652
154167,63188
154167,63510
154167,57414
154167,50718
154167,63418
154167,62400
164541,1370
164541,30500
164541,11262
164541,48574
164541,50716
164541,1304
164541,57414
164640,1370
164640,56714
164640,61542
164640,11262
164640,35732
164640,1304
172419,1370
172419,30500
172419,56714
172419,11262
172419,35732
172419,48574
172419,50716
172419,39186
172419,1372
172419,1304
172419,49888
172419,10652
172419,63510
172419,57414
172419,50718
178230,1370
178230,30500
178230,56714
178230,11262
178230,48574
178230,50716
178230,39186
178230,44302
178230,1304
178230,60978
178458,1370
178458,30500
178458,56714
178458,50270
178458,54096
178458,11262
178458,35732
178458,48574
178458,39186
178458,44302
178458,50274
178458,1372
178458,50272
178458,1304
178458,60978
178458,10652
178458,63188
178458,62944
178458,63510
178458,57414
178458,59396
178830,1370
178830,30500
178830,56714
178830,54096
178830,11262
178830,35732
178830,48574
178830,50716
178830,39186
178830,16358
178830,44302
178830,50274
178830,1372
178830,1304
178830,60978
178830,10652
178830,63510
178830,57414
183105,1370
183105,30500
183105,56714
183105,61542
183105,50270
183105,54096
183105,11262
183105,35732
183105,48574
183105,36720
183105,39186
183105,57804
183105,16358
183105,44302
183105,124
183105,33886
183105,50274
183105,3382
183105,1372
183105,54290
183105,50272
183105,1304
183105,35846
183105,10652
183105,51974
183105,63188
183105,59394
183105,63510
183105,57414
183105,59396
183450,1370
183450,30500
183450,56714
183450,54096
183450,11262
183450,48574
183450,50716
183450,39186
183450,34092
183450,57804
183450,44302
183450,1372
183450,1304
183450,46632
183450,10652
183450,62944
183450,63510
183450,57414
183450,48980
191232,61364
191232,1370
191232,30500
191232,56714
191232,61672
191232,61542
191232,54096
191232,11262
191232,35732
191232,48574
191232,39186
191232,57804
191232,16358
191232,44302
191232,124
191232,33886
191232,50274
191232,61558
191232,1372
191232,1304
191232,60978
191232,35846
191232,10652
191232,50720
191232,61560
191232,61028
191232,63188
191232,62944
191232,63510
191232,57414
191232,50718
191250,1370
191250,30500
191250,56714
191250,11262
191250,48574
191250,61552
191250,50716
191250,1372
191250,1304
191250,35846
191250,57414
191250,48980
197673,1370
197673,30500
197673,56714
197673,11262
197673,50716
197673,1304
201837,30500
201837,56714
201837,61542
201837,11262
201837,1304
201837,57414
203259,1370
203259,30500
203259,56714
203259,61672
203259,61542
203259,54096
203259,11262
203259,48574
203259,61552
203259,39186
203259,16358
203259,44302
203259,33886
203259,1304
203259,49888
203259,60978
203259,35846
203259,10652
203259,63510
203259,57414
203259,56696
211383,30500
211383,61542
211383,11262
211383,48574
211383,50716
211383,39186
211383,33886
211383,59816
211383,1304
211383,60978
211383,42132
211383,57414
212211,1370
212211,30500
212211,56714
212211,61542
212211,11262
212211,48574
212211,50716
212211,39186
212211,16358
212211,44302
212211,1372
212211,1304
212211,60978
212211,10652
212211,57414
212748,1370
212748,30500
212748,56714
212748,11262
212748,44302
212748,33886
212748,1372
212748,1304
212748,60978
212748,63510
212748,48980
216981,1370
216981,11262
216981,48574
216981,10808
216981,1372
216981,1304
216981,63188
216981,57414
222540,11262
222540,48574
222540,1372
222540,1304
222540,57414
59691,1370
59691,30500
59691,61542
59691,11262
59691,35732
59691,50716
59691,1304
59691,60978
59691,63510
61908,61364
61908,1370
61908,56714
61908,61542
61908,11262
61908,48574
61908,50716
61908,16358
61908,33886
61908,59816
61908,59822
61908,1304
61908,60978
61908,10652
61908,42132
61908,63188
61908,63510
179790,1370
179790,30500
179790,61542
179790,11262
179790,35732
179790,48574
179790,1304
186174,61364
186174,1370
186174,30500
186174,56714
186174,61672
186174,61542
186174,50270
186174,54096
186174,11262
186174,35732
186174,48574
186174,39186
186174,16358
186174,44302
186174,124
186174,33886
186174,50274
186174,3382
186174,1372
186174,59816
186174,50272
186174,1304
186174,60978
186174,35846
186174,10652
186174,42132
186174,61028
186174,63188
186174,62944
186174,63510
186174,57414
186174,59396
188937,1370
188937,30500
188937,56714
188937,61542
188937,11262
188937,35732
188937,48574
188937,50716
188937,44302
188937,1372
188937,1304
188937,60978
188937,10652
188937,61560
188937,63188
188937,62944
188937,63510
188937,57414
198867,1370
198867,30500
198867,56714
198867,61542
198867,11262
198867,48574
198867,33886
198867,1304
198867,60978
198867,10652
198867,63510
198867,57414
205659,1370
205659,30500
205659,56714
205659,61542
205659,11262
205659,48574
205659,50716
205659,16358
205659,33886
205659,1304
205659,60978
205659,35846
205659,10652
205659,50720
205659,63510
205659,57414
206940,1370
206940,30500
206940,56714
206940,61542
206940,54096
206940,11262
206940,48574
206940,39186
206940,44302
206940,33886
206940,1372
206940,1304
206940,60978
206940,63510
206940,57414
207339,30500
207339,56714
207339,61542
207339,11262
207339,35732
207339,48574
207339,39186
207339,57804
207339,44302
207339,50274
207339,1372
207339,1304
207339,60978
207339,10652
207339,42132
207339,63510
207339,57414
207339,59396
212256,1370
212256,30500
212256,56714
212256,61542
212256,11262
212256,48574
212256,50716
212256,44302
212256,1304
212256,60978
212256,35846
212256,10652
212256,62944
212256,57414
212256,50718
213978,56714
213978,36720
213978,57804
213978,50274
213978,60
216123,1370
216123,11262
225501,1370
225501,30500
225501,56714
225501,61542
225501,54096
225501,11262
225501,35732
225501,48574
225501,39186
225501,16358
225501,124
225501,33886
225501,1372
225501,1304
225501,49888
225501,60978
225501,10652
225501,63188
225501,63510
225501,57414
225501,50718
227115,1370
227115,61542
227115,11262
227115,35732
227115,33886
227115,1304
227115,60978
227115,63510
227115,57414
63873,1370
63873,61542
63873,11262
63873,1304
66879,61364
66879,1370
66879,30500
66879,56714
66879,61542
66879,11262
66879,35732
66879,48574
66879,33886
66879,1372
66879,1304
66879,63188
66879,57414
153303,61364
153303,1370
153303,30500
153303,56714
153303,61542
153303,11262
153303,35732
153303,48574
153303,61552
153303,1372
153303,1304
153303,60978
153303,35846
153303,10652
153303,63188
153303,63510
153303,57414
154578,61364
154578,1370
154578,30500
154578,56714
154578,61542
154578,11262
154578,35732
154578,48574
154578,61552
154578,39186
154578,16358
154578,44302
154578,61558
154578,1372
154578,1304
154578,49888
154578,35846
154578,10652
154578,33534
154578,63188
154578,57414
164007,1370
164007,61542
164007,11262
164007,35732
164007,48574
164007,1304
164007,57414
172161,61364
172161,1370
172161,30500
172161,61542
172161,11262
172161,35732
172161,48574
172161,34092
172161,44302
172161,33886
172161,1372
172161,1304
172161,60978
172161,10652
172161,63188
172161,63510
172161,57414
179838,30500
179838,61672
179838,61542
179838,11262
179838,61552
179838,16358
179838,1304
179838,35846
179838,10652
179838,57414
194229,1370
194229,30500
194229,56714
194229,61542
194229,50270
194229,54096
194229,11262
194229,35732
194229,48574
194229,39186
194229,34092
194229,57804
194229,16358
194229,44302
194229,124
194229,33886
194229,50274
194229,1372
194229,1304
194229,60978
194229,35846
194229,10652
194229,33534
194229,51974
194229,63188
194229,62944
194229,63510
194229,57414
194229,59396
194790,61364
194790,1370
194790,56714
194790,61542
194790,11262
194790,35732
194790,50716
194790,33886
194790,61558
194790,1372
194790,59822
194790,1304
194790,49888
194790,63188
194790,57414
194790,62376
197286,1370
197286,30500
197286,56714
197286,61542
197286,50270
197286,54096
197286,11262
197286,35732
197286,48574
197286,39186
197286,34092
197286,57804
197286,16358
197286,44302
197286,33886
197286,1372
197286,59822
197286,50272
197286,1304
197286,60978
197286,10652
197286,50720
197286,61028
197286,62944
197286,63510
197286,57414
197286,59396
198552,1370
198552,30500
198552,61542
198552,11262
198552,16358
198552,1304
203700,1370
203700,30500
203700,61672
203700,11262
203700,35732
203700,48574
203700,39186
203700,33886
203700,49888
203700,60978
203700,10652
203700,63510
210120,1370
210120,11262
210120,50716
210120,1304
210120,57414
220269,61364
220269,1370
220269,30500
220269,56714
220269,61542
220269,54096
220269,11262
220269,35732
220269,48574
220269,50716
220269,39186
220269,57804
220269,16358
220269,44302
220269,124
220269,33886
220269,50274
220269,3382
220269,1372
220269,50272
220269,1304
220269,35846
220269,10652
220269,63188
220269,57414
220269,48980
239577,1370
239577,30500
239577,56714
239577,61542
239577,11262
239577,48574
239577,50716
239577,44302
239577,1372
239577,1304
239577,63188
239577,57414
72483,1370
72483,30500
72483,56714
72483,61672
72483,11262
72483,35732
72483,39186
72483,44302
72483,33886
72483,50274
72483,60978
72483,10652
72483,62944
72483,63510
72483,59396
72483,62376
154707,61364
154707,1370
154707,30500
154707,56714
154707,54096
154707,11262
154707,35732
154707,48574
154707,16358
154707,44302
154707,124
154707,1372
154707,49888
154707,60978
154707,33534
154707,63188
154707,63510
154707,57414
154707,50718
163131,61364
163131,1370
163131,30500
163131,56714
163131,61672
163131,61542
163131,50270
163131,54096
163131,11262
163131,35732
163131,48574
163131,39186
163131,44302
163131,33886
163131,50274
163131,61558
163131,1372
163131,1304
163131,60978
163131,10652
163131,61028
163131,63188
163131,62944
163131,63510
163131,57414
163131,59396
163131,50718
165744,1370
165744,30500
165744,56714
165744,61542
165744,11262
165744,48574
165744,39186
165744,16358
165744,1372
165744,1304
165744,35846
165744,63188
165744,63510
165744,57414
186990,1370
186990,30500
186990,56714
186990,61542
186990,11262
186990,35732
186990,33886
186990,1372
186990,1304
186990,57414
196845,61364
196845,1370
196845,30500
196845,56714
196845,61672
196845,61542
196845,50270
196845,11262
196845,35732
196845,48574
196845,50716
196845,39186
196845,57804
196845,61280
196845,16358
196845,44302
196845,33886
196845,50274
196845,1372
196845,1304
196845,35846
196845,10652
196845,61028
196845,63188
196845,62944
196845,57414
196845,59396
198573,1370
198573,30500
198573,56714
198573,61542
198573,11262
198573,50716
198573,39186
198573,1372
198573,1304
198573,49888
198573,10652
203175,1370
203175,30500
203175,11262
203175,50716
203175,16358
203175,44302
203175,33886
203175,1304
203175,10652
203175,57414
205815,1370
205815,61542
205815,11262
205815,16358
205815,1304
206367,1370
206367,30500
206367,56714
206367,61542
206367,11262
206367,48574
206367,50716
206367,44302
206367,33886
206367,1304
206367,35846
206367,63510
206367,57414
206418,61364
206418,1370
206418,30500
206418,56714
206418,61542
206418,11262
206418,48574
206418,39186
206418,16358
206418,44302
206418,33886
206418,10808
206418,1372
206418,59816
206418,1304
206418,60978
206418,35846
206418,42132
206418,63510
206418,57414
210678,1370
210678,30500
210678,61542
210678,11262
210678,35732
210678,48574
210678,16358
210678,33886
210678,61558
210678,1304
210678,49888
210678,60978
210678,10652
210678,61560
210678,57414
210678,56696
210678,62376
242439,61364
242439,1370
242439,30500
242439,56714
242439,61542
242439,11262
242439,35732
242439,50716
242439,33886
242439,1372
242439,1304
242439,49888
242439,63188
242439,63510
242439,57414
25749,1370
25749,30500
25749,56714
25749,61542
25749,50270
25749,54096
25749,11262
25749,35732
25749,48574
25749,39186
25749,57804
25749,16358
25749,44302
25749,124
25749,33886
25749,50274
25749,3382
25749,1372
25749,1304
25749,35846
25749,10652
25749,50720
25749,63188
25749,62944
25749,63510
25749,57414
25749,59396
154551,1370
154551,30500
154551,61542
154551,11262
154551,50716
154551,33886
154551,1372
154551,1304
154551,63188
154551,62944
154551,63510
183573,1370
183573,30500
183573,56714
183573,61542
183573,11262
183573,48574
183573,33886
183573,1372
183573,1304
183573,10652
183573,63510
183573,57414
201522,56714
201522,50274
201522,10808
204144,1370
204144,30500
204144,56714
204144,61542
204144,11262
204144,35732
204144,48574
204144,16358
204144,44302
204144,33886
204144,1372
204144,1304
204144,60978
204144,10652
204144,62944
204144,57414
204144,50718
206772,61364
206772,1370
206772,30500
206772,56714
206772,61542
206772,54096
206772,11262
206772,35732
206772,48574
206772,39186
206772,33886
206772,1372
206772,59816
206772,59822
206772,1304
206772,49888
206772,35846
206772,63188
206772,63510
206772,57414
206772,62170
206772,62376
237300,61364
237300,1370
237300,61542
237300,11262
237300,35732
237300,48574
237300,50716
237300,124
237300,33886
237300,61558
237300,1372
237300,1304
237300,49888
237300,10652
237300,61560
237300,63188
237300,63510
237300,57414
237300,50718
237300,56696
88821,1370
88821,30500
88821,56714
88821,11262
88821,48574
88821,61552
88821,50716
88821,39186
88821,44302
88821,1304
88821,49888
88821,35846
88821,50720
88821,63188
88821,62944
128502,1370
128502,30500
128502,56714
128502,61542
128502,50270
128502,54096
128502,11262
128502,35732
128502,48574
128502,39186
128502,34092
128502,44302
128502,33886
128502,50274
128502,1372
128502,50272
128502,1304
128502,60978
128502,10652
128502,62944
128502,63510
128502,57414
128502,59396
155055,1370
155055,30500
155055,56714
155055,61542
155055,11262
155055,48574
155055,50716
155055,33886
155055,1372
155055,1304
155055,57414
157398,1370
157398,56714
157398,11262
157398,35732
157398,48574
157398,61552
157398,39186
157398,44302
157398,33886
157398,1372
157398,1304
157398,49888
157398,60978
157398,35846
157398,57414
157398,62376
183492,1370
183492,30500
183492,56714
183492,61542
183492,50270
183492,11262
183492,35732
183492,48574
183492,39186
183492,44302
183492,33886
183492,1372
183492,1304
183492,60978
183492,10652
183492,63188
183492,63510
183492,57414
183492,59396
188637,1370
188637,30500
188637,56714
188637,61672
188637,61542
188637,11262
188637,35732
188637,48574
188637,50716
188637,39186
188637,44302
188637,33886
188637,61558
188637,1372
188637,1304
188637,60978
188637,10652
188637,63188
188637,57414
188961,1370
188961,30500
188961,61542
188961,50718
192735,1370
192735,61542
192735,11262
192735,35732
192735,48574
192735,50716
192735,1372
192735,1304
192735,49888
192735,10652
192735,63510
192735,57414
195063,1370
195063,30500
195063,56714
195063,11262
195063,35732
195063,48574
195063,39186
195063,3382
195063,1372
195063,1304
195063,10652
195063,63188
195063,63510
195063,57414
203673,1370
203673,30500
203673,56714
203673,61672
203673,54096
203673,11262
203673,35732
203673,48574
203673,39186
203673,16358
203673,44302
203673,124
203673,33886
203673,3382
203673,1304
203673,60978
203673,35846
203673,10652
203673,33534
203673,62944
203673,63510
203673,57414
203673,50718
204759,1370
204759,11262
207150,1370
207150,30500
207150,56714
207150,61542
207150,11262
207150,33886
207150,1304
207387,1370
207387,56714
207387,61542
207387,11262
207387,35732
207387,48574
207387,50716
207387,16358
207387,33886
207387,1372
207387,1304
207387,10652
207387,57414
210168,1370
210168,30500
210168,56714
210168,54096
210168,11262
210168,35732
210168,48574
210168,39186
210168,16358
210168,124
210168,33886
210168,10808
210168,1372
210168,1304
210168,49888
210168,60978
210168,10652
210168,63188
210168,57414
238887,61364
238887,1370
238887,56714
238887,61542
238887,11262
238887,1372
238887,1304
238887,10652
238887,63188
62817,1370
62817,30500
62817,56714
62817,54096
62817,11262
62817,35732
62817,48574
62817,39186
62817,44302
62817,33886
62817,1372
62817,1304
62817,60978
62817,10652
62817,62944
62817,57414
154146,61364
154146,1370
154146,30500
154146,56714
154146,61542
154146,11262
154146,48574
154146,50716
154146,33886
154146,1372
154146,1304
154146,60978
154146,10652
154146,63188
154146,57414
154146,50718
159831,61364
159831,1370
159831,11262
159831,35732
159831,48574
159831,50716
159831,1372
159831,60978
159831,63510
159831,57414
192771,30500
192771,56714
192771,61672
192771,61542
192771,50270
192771,11262
192771,35732
192771,48574
192771,44302
192771,33886
192771,1304
192771,60978
192771,46632
192771,10652
192771,33534
192771,61028
192771,62944
192771,63510
192771,57414
192771,59396
192771,50718
192771,56696
193323,1370
193323,30500
193323,56714
193323,61542
193323,50270
193323,54096
193323,11262
193323,48574
193323,39186
193323,44302
193323,33886
193323,1372
193323,1304
193323,49888
193323,60978
193323,46632
193323,10652
193323,33534
193323,62944
193323,63510
193323,57414
193323,63218
193323,50718
193323,62376
193323,48980
203820,1370
203820,56714
203820,61542
203820,11262
203820,35732
203820,48574
203820,16358
203820,33886
203820,1372
203820,1304
203820,49888
203820,35846
203820,63510
203820,57414
203820,62376
222894,1370
222894,56714
222894,61542
222894,11262
222894,35732
222894,33886
222894,1304
222894,35846
222894,63510
222894,57414
242409,61364
242409,1370
242409,30500
242409,56714
242409,11262
242409,48574
242409,50716
242409,33886
242409,1304
242409,10652
242409,63510
242409,57414
242409,62376
71271,61364
71271,1370
71271,30500
71271,54096
71271,11262
71271,35732
71271,48574
71271,36720
71271,39186
71271,34092
71271,57804
71271,44302
71271,124
71271,33886
71271,10808
71271,1372
71271,50272
71271,1304
71271,60978
71271,10652
71271,50720
71271,57414
154245,1370
154245,61542
154245,11262
154245,50716
154245,33886
154245,1304
160029,1370
160029,30500
160029,56714
160029,11262
160029,48574
160029,50716
160029,1372
160029,1304
160029,63510
160029,57414
187650,1370
187650,61542
187650,11262
187650,1372
187650,1304
187650,63188
191256,1370
191256,30500
191256,56714
191256,61542
191256,54096
191256,11262
191256,35732
191256,48574
191256,50716
191256,1372
191256,1304
191256,49888
191256,60978
191256,10652
191256,63510
191256,57414
192549,56714
192549,50274
207216,1370
207216,30500
207216,56714
207216,61542
207216,11262
207216,35732
207216,48574
207216,50716
207216,1372
207216,1304
207216,49888
207216,10652
207216,63188
207216,63510
207216,57414
207219,1370
207219,30500
207219,56714
207219,61542
207219,11262
207219,35732
207219,48574
207219,50716
207219,34092
207219,44302
207219,1372
207219,1304
207219,60978
207219,10652
207219,57414
210876,61364
210876,1370
210876,30500
210876,56714
210876,61672
210876,61542
210876,11262
210876,35732
210876,48574
210876,16358
210876,124
210876,33886
210876,1372
210876,1304
210876,49888
210876,60978
210876,35846
210876,10652
210876,63188
210876,63510
210876,57414
227988,1370
227988,56714
227988,61672
227988,61542
227988,11262
227988,35732
227988,48574
227988,50716
227988,39186
227988,16358
227988,1372
227988,59822
227988,1304
227988,10652
227988,63188
227988,57414
241263,1370
241263,61672
241263,11262
241263,35732
241263,49888
241263,10652
67827,1370
67827,61542
67827,11262
67827,33886
67827,1304
153312,1370
153312,30500
153312,56714
153312,61542
153312,54096
153312,11262
153312,35732
153312,48574
153312,50716
153312,39186
153312,1372
153312,1304
153312,60978
153312,10652
153312,63188
153312,63510
153312,57414
153312,50718
162843,61364
162843,1370
162843,56714
162843,61672
162843,61542
162843,11262
162843,39186
162843,33886
162843,1372
162843,1304
162843,60978
162843,10652
184485,1370
184485,61542
184485,11262
184485,16358
184485,1304
184485,35846
187707,1370
187707,30500
187707,56714
187707,50270
187707,54096
187707,11262
187707,35732
187707,48574
187707,36720
187707,39186
187707,57804
187707,16358
187707,44302
187707,50274
187707,3382
187707,1372
187707,50272
187707,1304
187707,60978
187707,35846
187707,10652
187707,42132
187707,63188
187707,62944
187707,63510
187707,57414
187707,59396
204795,30500
204795,56714
204795,61542
204795,11262
204795,48574
204795,50716
204795,44302
204795,1372
204795,1304
204795,60978
204795,63510
204795,57414
208449,1370
208449,61542
208449,11262
208449,1304
210171,1370
210171,30500
210171,61542
210171,11262
210171,35732
210171,50716
210171,39186
210171,34092
210171,33886
210171,3382
210171,1372
210171,1304
210171,10652
210171,63510
234972,61364
234972,1370
234972,30500
234972,61542
234972,11262
234972,35732
234972,61552
234972,50716
234972,16358
234972,33886
234972,61558
234972,1372
234972,1304
234972,49888
234972,60978
234972,35846
234972,33534
234972,61560
234972,63188
234972,50718
234972,56696
167571,1370
167571,30500
167571,56714
167571,11262
167571,35732
167571,16358
167571,10652
167571,57414
179853,30500
179853,56714
179853,50270
179853,11262
179853,36720
179853,39186
179853,34092
179853,57804
179853,44302
179853,33886
179853,50274
179853,10808
179853,1372
179853,54290
179853,49888
179853,60978
179853,10652
179853,42132
179853,61028
179853,62944
179853,63510
179853,59396
179853,50718
185067,1370
185067,56714
185067,61542
185067,11262
185067,35732
185067,48574
185067,50716
185067,1372
185067,1304
185067,63188
185067,57414
188265,11262
188265,48574
188265,57414
207078,30500
207078,56714
207078,61542
207078,11262
207078,50716
207078,44302
207078,33886
207078,1304
219381,1370
219381,30500
219381,11262
219381,48574
219381,33886
219381,1304
219381,10652
219381,57414
231096,1370
231096,61542
231096,11262
231096,1304
241824,1370
241824,30500
241824,56714
241824,61542
241824,11262
241824,50716
241824,33886
241824,59822
241824,1304
241824,63510
128469,1370
128469,30500
128469,61542
128469,11262
128469,48574
128469,1304
128469,63510
128469,57414
179496,1370
179496,56714
179496,61542
179496,11262
179496,50716
179496,1372
179496,1304
179496,60978
179496,63188
183789,1370
183789,30500
183789,56714
183789,61672
183789,61542
183789,11262
183789,35732
183789,48574
183789,50716
183789,33886
183789,61558
183789,1372
183789,1304
183789,60978
183789,10652
183789,63188
183789,63510
192300,1370
192300,30500
192300,56714
192300,54096
192300,11262
192300,35732
192300,48574
192300,50716
192300,39186
192300,34092
192300,44302
192300,33886
192300,1372
192300,10652
192300,63188
192300,63510
192300,57414
192300,62378
203094,1370
203094,11262
203094,35846
204222,1370
204222,30500
204222,61542
204222,11262
204222,48574
204222,33886
204222,1304
204222,57414
204762,1370
204762,30500
204762,56714
204762,11262
204762,35732
204762,48574
204762,50716
204762,16358
204762,33886
204762,60978
204762,35846
204762,33534
204762,57414
204762,50718
210840,61542
210840,11262
210840,48574
210840,1304
210840,57414
211950,1370
211950,30500
211950,61542
211950,11262
211950,35732
211950,48574
211950,16358
211950,1372
211950,1304
211950,49888
211950,60978
211950,35846
211950,63188
211950,63510
211950,57414
216648,1370
216648,30500
216648,56714
216648,61542
216648,11262
216648,35732
216648,48574
216648,44302
216648,59822
216648,1304
216648,60978
216648,10652
216648,57414
216648,50718
225669,1370
225669,61542
225669,11262
225669,35732
225669,50716
225669,39186
225669,33886
225669,1304
225669,61028
242388,30500
242388,56714
242388,11262
242388,39186
242388,34092
242388,44302
242388,124
242388,33886
242388,10652
242388,62944
242388,63510
242388,59396
71409,1370
71409,61542
71409,35732
71409,16358
71409,1304
186657,61364
186657,1370
186657,30500
186657,56714
186657,54096
186657,11262
186657,35732
186657,48574
186657,39186
186657,16358
186657,44302
186657,1372
186657,1304
186657,60978
186657,10652
186657,50720
186657,63188
186657,62944
186657,63510
186657,57414
186657,50718
203100,30500
203100,11262
203100,50716
203100,1304
203460,1370
203460,30500
203460,56714
203460,61542
203460,11262
203460,48574
203460,39186
203460,57804
203460,44302
203460,1304
203460,10652
203460,63510
203460,57414
203790,1370
203790,30500
203790,61542
203790,11262
203790,48574
203790,50716
203790,16358
203790,59822
203790,1304
203790,60978
203790,35846
203790,57414
203790,62376
207243,1370
207243,30500
207243,56714
207243,11262
207243,34092
207243,44302
207243,33886
207243,1372
207243,1304
207243,49888
207243,63188
207243,63510
207243,57414
209994,1370
209994,30500
209994,56714
209994,61542
209994,11262
209994,35732
209994,48574
209994,61552
209994,50716
209994,1372
209994,1304
209994,35846
209994,10652
209994,50720
209994,57414
219021,1370
219021,30500
219021,56714
219021,61672
219021,61542
219021,11262
219021,35732
219021,48574
219021,50716
219021,44302
219021,1372
219021,1304
219021,10652
219021,50720
219021,63188
219021,57414
219021,62376
231909,1370
231909,30500
231909,54096
231909,11262
231909,48574
231909,1372
231909,57414
59703,1370
59703,56714
59703,61542
59703,11262
59703,35732
59703,48574
59703,44302
59703,33886
59703,1304
59703,60978
59703,10652
59703,33534
59703,63510
59703,57414
66777,1370
66777,30500
66777,56714
66777,61542
66777,11262
66777,35732
66777,48574
66777,44302
66777,33886
66777,1372
66777,59822
66777,1304
66777,49888
66777,60978
66777,10652
66777,50268
66777,63510
66777,57414
154542,61364
154542,1370
154542,11262
154542,48574
154542,1372
154542,1304
154542,63510
154542,57414
161526,1370
161526,61672
161526,11262
161526,35732
161526,48574
161526,50716
161526,39186
161526,33886
161526,61558
161526,1304
161526,60978
161526,10652
161526,63510
161526,57414
161526,56696
188700,1370
188700,30500
188700,61542
188700,11262
188700,61552
188700,39186
188700,16358
188700,33886
188700,1372
188700,1304
188700,60978
188700,35846
188700,10652
188700,63188
188700,63510
191892,56714
191892,50270
191892,44302
191892,59816
191892,42132
232455,1370
232455,30500
232455,56714
232455,54096
232455,11262
232455,35732
232455,50716
232455,16358
232455,44302
232455,33886
232455,57414
232827,1370
232827,30500
232827,56714
232827,11262
232827,35732
232827,48574
232827,50716
232827,1372
232827,1304
232827,10652
232827,63188
232827,63510
232827,57414
242430,1370
242430,61552
242430,35846
242556,1370
242556,30500
242556,56714
242556,61542
242556,11262
242556,48574
242556,34092
242556,33886
242556,59822
242556,1304
242556,49888
242556,63510
242556,57414
242556,50718
242556,62376
167652,1370
187734,1370
187734,56714
187734,61542
187734,11262
187734,35732
187734,48574
187734,39186
187734,1304
187734,57414
207399,1370
203112,1370
203112,30500
203112,56714
203112,11262
203112,35732
203112,48574
203112,50716
203112,44302
203112,33886
203112,1304
203112,60978
203112,57414
207102,1370
207102,30500
207102,56714
207102,61542
207102,11262
207102,48574
207102,39186
207102,33886
207102,1304
207102,35846
207102,10652
207102,63510
219048,61364
219048,1370
219048,30500
219048,56714
219048,61542
219048,54096
219048,11262
219048,35732
219048,48574
219048,50716
219048,39186
219048,44302
219048,1372
219048,1304
219048,49888
219048,60978
219048,10652
219048,63188
219048,57414
165927,1370
165927,30500
165927,56714
165927,61542
165927,11262
165927,48574
165927,50716
165927,39186
165927,1372
165927,1304
165927,10652
165927,57414
182292,1370
182292,30500
182292,56714
182292,61542
182292,11262
182292,35732
182292,48574
182292,39186
182292,34092
182292,16358
182292,44302
182292,33886
182292,50274
182292,1372
182292,59822
182292,1304
182292,35846
182292,10652
182292,33534
182292,63188
182292,62944
182292,63510
182292,57414
182292,62376
182292,63538
182292,48980
198801,1370
198801,30500
198801,56714
198801,61672
198801,61542
198801,11262
198801,35732
198801,48574
198801,50716
198801,39186
198801,33886
198801,1372
198801,1304
198801,35846
198801,10652
198801,57414
204657,61364
204657,1370
204657,30500
204657,56714
204657,61542
204657,54096
204657,11262
204657,35732
204657,48574
204657,39186
204657,16358
204657,44302
204657,33886
204657,1372
204657,1304
204657,49888
204657,60978
204657,35846
204657,10652
204657,42132
204657,63188
204657,62944
204657,57414
206670,30500
206670,61542
206670,11262
206670,35732
206670,48574
206670,61552
206670,50716
206670,1372
206670,1304
206670,35846
206670,63510
206670,57414
216498,61364
216498,1370
216498,30500
216498,56714
216498,61542
216498,11262
216498,35732
216498,48574
216498,39186
216498,16358
216498,44302
216498,1372
216498,1304
216498,60978
216498,10652
216498,61028
216498,57414
238689,1370
238689,56714
238689,61542
238689,48574
238689,1304
238689,57414
241329,1370
241329,61542
241329,11262
241329,1304
241329,57414
241329,62376
154698,56714
154698,50716
154698,36720
154698,57804
154698,50274
154698,60
154698,10808
154698,51316
187797,1370
187797,30500
187797,56714
187797,61542
187797,54096
187797,11262
187797,35732
187797,48574
187797,39186
187797,44302
187797,1372
187797,1304
187797,60978
187797,10652
187797,63188
187797,57414
210981,1370
210981,30500
210981,56714
210981,61542
210981,11262
210981,35732
210981,48574
210981,61552
210981,50716
210981,44302
210981,124
210981,1372
210981,1304
210981,60978
210981,35846
210981,10652
210981,63510
210981,57414
129135,61364
129135,1370
129135,30500
129135,56714
129135,54096
129135,11262
129135,35732
129135,48574
129135,39186
129135,44302
129135,1372
129135,1304
129135,49888
129135,60978
129135,10652
129135,63188
129135,63510
129135,57414
183489,1370
183489,30500
183489,56714
183489,50270
183489,11262
183489,35732
183489,48574
183489,39186
183489,44302
183489,124
183489,50274
183489,1372
183489,1304
183489,60978
183489,10652
183489,42132
183489,62944
183489,63510
183489,57414
183489,59396
183489,63186
194883,1370
194883,30500
194883,56714
194883,61542
194883,50270
194883,11262
194883,35732
194883,48574
194883,39186
194883,16358
194883,44302
194883,33886
194883,50274
194883,1372
194883,1304
194883,10652
194883,63188
194883,62944
194883,63510
194883,57414
204522,1370
204522,30500
204522,54096
204522,11262
204522,50716
204522,39186
204522,1372
204522,1304
204522,63188
209622,1370
209622,30500
209622,56714
209622,61542
209622,54096
209622,11262
209622,48574
209622,50716
209622,39186
209622,44302
209622,1372
209622,1304
209622,35846
209622,63510
209622,57414
212283,1370
212283,56714
212283,61542
212283,11262
212283,35732
212283,50716
212283,1304
214506,1370
214506,11262
214506,50716
214506,33886
214506,60978
214506,63186
221115,1370
221115,30500
221115,56714
221115,61542
221115,11262
221115,35732
221115,48574
221115,50716
221115,44302
221115,33886
221115,1372
221115,1304
221115,49888
221115,60978
221115,10652
221115,63188
221115,63510
221115,57414
232665,61364
232665,1370
232665,61542
232665,11262
232665,48574
232665,50716
232665,33886
232665,1372
219522,1370
219522,30500
219522,56714
219522,11262
64734,1370
64734,61542
64734,11262
64734,35732
64734,48574
64734,33886
64734,61558
64734,1372
64734,1304
64734,10652
64734,63188
64734,57414
65631,1370
65631,61542
65631,11262
65631,35732
65631,33886
65631,1304
65631,60978
65631,10652
155481,61542
155481,50716
155481,33886
155481,1304
155481,35846
217494,1370
217494,11262
217494,35732
217494,48574
217494,50716
217494,16358
217494,33886
217494,1304
217494,35846
217494,10652
217494,62376
224925,1370
224925,30500
224925,56714
224925,11262
224925,1372
224925,57414
229539,30500
229539,56714
229539,50716
229539,39186
229539,33886
229539,50274
229539,59396
72045,1370
72045,30500
72045,56714
72045,61542
72045,11262
72045,35732
72045,48574
72045,39186
72045,16358
72045,44302
72045,1372
72045,1304
72045,49888
72045,60978
72045,10652
72045,63188
72045,63510
72045,57414
129081,1370
129081,30500
129081,56714
129081,11262
129081,35732
129081,48574
129081,50716
129081,16358
129081,44302
129081,1372
129081,1304
129081,35846
129081,10652
129081,63188
129081,57414
159033,61364
159033,1370
159033,56714
159033,11262
159033,50716
159033,33886
159033,1372
159033,1304
159033,10652
159033,63188
159033,63510
159033,57414
180495,1370
180495,30500
180495,61542
180495,11262
180495,1372
180495,1304
180495,10652
203082,1370
203082,56714
203082,11262
203082,16358
203082,1304
203082,57414
203082,50718
156225,1370
156225,11262
156225,1372
156225,63188
158742,1370
158742,30500
158742,56714
158742,61542
158742,11262
158742,35732
158742,48574
158742,50716
158742,1304
158742,10652
158742,57414
222669,56714
222669,61542
222669,50270
222669,11262
222669,33886
222669,10808
222669,1304
222669,60978
222669,63510
222669,59396
224631,1370
224631,56714
224631,11262
224631,35732
224631,50716
224631,39186
224631,33886
224631,1372
224631,1304
224631,49888
224631,60978
224631,10652
224631,63188
224631,63510
161403,1370
161403,30500
161403,56714
161403,61542
161403,11262
161403,33886
161403,1372
161403,1304
161403,57414
184104,1370
184104,61542
184104,54096
184104,11262
184104,35732
184104,33886
184104,1304
204228,1370
204228,30500
204228,56714
204228,61542
204228,11262
204228,50716
204228,1372
204228,1304
204228,60978
204228,63510
204228,57414
211806,1370
211806,30500
211806,56714
211806,61542
211806,11262
211806,35732
211806,48574
211806,1304
239556,1370
239556,30500
239556,56714
239556,61542
239556,11262
239556,48574
239556,50716
239556,39186
239556,1304
239556,10652
239556,63510
239556,57414
89013,1370
89013,30500
89013,56714
89013,11262
89013,35732
153048,61364
153048,1370
153048,30500
153048,56714
153048,61542
153048,11262
153048,35732
153048,48574
153048,50716
153048,61558
153048,1372
153048,59822
153048,1304
153048,63188
153048,57414
209637,1370
209637,56714
209637,61542
209637,11262
209637,1304
210816,61542
210816,11262
210816,35732
210816,48574
210816,50716
210816,1372
210816,1304
61977,30500
61977,56714
61977,61542
61977,11262
61977,48574
61977,33886
61977,1304
62337,61364
62337,30500
62337,56714
62337,61542
62337,50270
62337,11262
62337,48574
62337,50716
62337,36720
62337,39186
62337,57804
62337,44302
62337,50274
62337,3382
62337,10808
62337,1372
62337,50272
62337,1304
62337,60978
62337,10652
62337,63188
62337,62944
62337,63510
62337,57414
62337,59396
62337,36762
66378,30500
66378,56714
66378,61542
66378,50270
66378,11262
66378,48574
66378,39186
66378,44302
66378,33886
66378,1304
66378,10652
66378,62944
66378,63510
66378,57414
66378,59396
175293,1370
175293,61542
175293,11262
175293,48574
175293,1372
175293,1304
175293,57414
197595,1370
197595,30500
197595,56714
197595,61542
197595,11262
197595,48574
197595,1304
197595,63510
201852,1370
201852,30500
201852,56714
201852,61542
201852,54096
201852,11262
201852,35732
201852,48574
201852,39186
201852,44302
201852,1372
201852,1304
201852,60978
201852,10652
201852,63188
201852,62944
201852,63510
201852,57414
227343,61364
227343,1370
227343,30500
227343,56714
227343,61542
227343,11262
227343,48574
227343,50716
227343,16358
227343,1372
227343,1304
227343,60978
227343,35846
227343,10652
227343,63188
227343,63510
227343,57414
239247,1370
239247,30500
239247,56714
239247,11262
239247,33886
239247,1304
176403,61364
176403,1370
176403,30500
176403,56714
176403,61542
176403,50270
176403,54096
176403,11262
176403,35732
176403,48574
176403,36720
176403,39186
176403,57804
176403,16358
176403,44302
176403,124
176403,33886
176403,50274
176403,3382
176403,10808
176403,1372
176403,1304
176403,60978
176403,35846
176403,10652
176403,50720
176403,63188
176403,63510
176403,57414
186378,1370
186378,30500
186378,56714
186378,61672
186378,54096
186378,11262
186378,35732
186378,16358
186378,33886
186378,1372
186378,1304
186378,60978
186378,35846
186378,10652
186378,63188
186378,63510
186378,57414
212721,61364
212721,1370
212721,30500
212721,56714
212721,61542
212721,50270
212721,11262
212721,35732
212721,48574
212721,39186
212721,44302
212721,33886
212721,1372
212721,1304
212721,60978
212721,10652
212721,63188
212721,57414
216108,61364
216108,1370
216108,30500
216108,56714
216108,61672
216108,61542
216108,11262
216108,35732
216108,48574
216108,1372
216108,1304
216108,49888
216108,60978
216108,10652
216108,61560
216108,63188
216108,63510
216108,57414
234021,1370
234021,30500
234021,56714
234021,61542
234021,11262
234021,35732
234021,50716
234021,33886
234021,1304
234021,60978
234021,63510
234021,57414
202959,1370
202959,56714
202959,11262
202959,48574
202959,50716
202959,33886
203445,1370
203445,30500
203445,11262
203445,61552
203445,16358
203445,1304
203445,35846
203445,33534
203445,57414
212775,1370
212775,56714
212775,61542
212775,11262
212775,48574
212775,1304
212775,57414
231102,61364
231102,1370
231102,30500
231102,56714
231102,61542
231102,54096
231102,11262
231102,48574
231102,50716
231102,1372
231102,1304
231102,49888
231102,63510
231102,57414
231102,50718
244380,30500
244380,56714
244380,11262
244380,50716
244380,1304
244380,63510
244380,57414
206955,1370
206955,30500
206955,56714
206955,61542
206955,11262
206955,35732
206955,48574
206955,61552
206955,50716
206955,39186
206955,16358
206955,44302
206955,33886
206955,61558
206955,1372
206955,59816
206955,1304
206955,60978
206955,35846
206955,10652
206955,42132
206955,33534
206955,61028
206955,57414
230604,1370
230604,56714
230604,61542
230604,11262
230604,1304
165750,1370
165750,30500
165750,61542
165750,11262
165750,61552
165750,50716
165750,1372
165750,1304
165750,35846
165750,10652
165750,33534
165750,63188
165750,50718
183576,1370
183576,30500
183576,61542
183576,11262
183576,35732
183576,1304
188343,1370
188343,61542
188343,11262
188343,1304
211641,1370
211641,30500
211641,56714
211641,11262
211641,33886
211641,1304
213114,1370
213114,30500
213114,56714
213114,61542
213114,54096
213114,11262
213114,35732
213114,48574
213114,39186
213114,16358
213114,44302
213114,33886
213114,1372
213114,1304
213114,35846
213114,10652
213114,42132
213114,33534
213114,61560
213114,63188
213114,63510
213114,57414
213114,63186
66054,61364
66054,1370
66054,30500
66054,11262
66054,35732
66054,48574
66054,50716
66054,39186
66054,1372
66054,49888
66054,60978
66054,10652
66054,63510
66054,57414
71766,61364
71766,1370
71766,30500
71766,56714
71766,61542
71766,54096
71766,11262
71766,35732
71766,48574
71766,39186
71766,44302
71766,1372
71766,1304
71766,49888
71766,60978
71766,46632
71766,10652
71766,61560
71766,63188
71766,63510
71766,57414
71766,48980
154098,1370
154098,30500
154098,61542
154098,11262
154098,48574
154098,1304
187659,61542
187659,11262
187659,48574
187659,50716
187659,50274
187659,1304
187659,57414
201564,30500
201564,56714
201564,61542
201564,54096
201564,11262
201564,35732
201564,48574
201564,44302
201564,1304
201564,49888
201564,60978
201564,10652
201564,63188
201564,63510
201564,57414
201564,62860
212112,1370
212112,30500
212112,54096
212112,11262
212112,35732
212112,48574
212112,50716
212112,16358
212112,44302
212112,124
212112,33886
212112,60978
212112,10652
212112,42132
212112,63510
212112,57414
212112,63186
203775,1370
203775,33886
203775,1304
203775,10652
212379,1370
212379,30500
212379,11262
212379,50716
212379,44302
212379,60978
212379,10652
187962,1370
187962,30500
187962,56714
187962,11262
187962,35732
187962,48574
187962,50716
187962,63510
187962,57414
187962,50718
153381,1370
153381,56714
153381,61542
153381,11262
153381,48574
153381,33886
153381,1372
153381,1304
153381,63188
153381,57414
172503,61364
172503,1370
172503,30500
172503,61672
172503,61542
172503,11262
172503,35732
172503,48574
172503,50716
172503,33886
172503,1372
172503,1304
172503,60978
172503,10652
172503,63188
172503,63510
172503,57414
212475,1370
212475,30500
212475,11262
212475,1372
212475,49888
228060,1370
228060,30500
228060,56714
228060,61542
228060,11262
228060,35732
228060,48574
228060,61552
228060,50716
228060,39186
228060,16358
228060,33886
228060,1372
228060,59822
228060,1304
228060,35846
228060,63188
228060,63510
228060,57414
235191,1370
235191,30500
235191,56714
235191,61542
235191,11262
235191,35732
235191,48574
235191,50716
235191,33886
235191,1304
235191,60978
235191,57414
61692,61364
61692,1370
61692,56714
61692,11262
61692,48574
61692,39186
61692,16358
61692,44302
61692,33886
61692,50274
61692,1372
61692,50272
61692,1304
61692,60978
61692,35846
61692,10652
61692,42132
61692,50720
61692,63188
61692,62944
61692,57414
61692,59396
207828,1370
207828,30500
207828,56714
207828,61672
207828,61542
207828,54096
207828,11262
207828,35732
207828,39186
207828,124
207828,33886
207828,61558
207828,1372
207828,1304
207828,60978
207828,10652
207828,33534
207828,63188
207828,57414
207828,50718
191223,1370
191223,56714
191223,61542
191223,11262
191223,48574
191223,33886
191223,1372
191223,1304
191223,60978
191223,63510
191223,57414
203178,1370
203178,56714
203178,61542
203178,11262
203178,48574
203178,50716
203178,39186
203178,16358
203178,33886
203178,1304
203178,35846
203178,10652
203178,57414
203178,62376
236490,1370
236490,56714
236490,61542
236490,48574
236490,61552
236490,1304
236490,35846
236490,57414
72558,1370
72558,30500
72558,56714
72558,61542
72558,11262
72558,48574
72558,61552
72558,50716
72558,1372
72558,1304
72558,60978
72558,35846
72558,10652
72558,63188
72558,63510
72558,57414
192159,1370
192159,30500
192159,56714
192159,61542
192159,11262
192159,48574
192159,39186
192159,34092
192159,33886
192159,1304
192159,60978
192159,10652
192159,63188
192159,63510
192159,57414
206850,56714
206850,61542
206850,11262
206850,48574
206850,50716
206850,33886
206850,1304
206850,60978
163251,61364
163251,1370
163251,56714
163251,11262
163251,48574
163251,1372
164064,1370
164064,30500
164064,61542
164064,11262
164064,48574
164064,50716
164064,33886
164064,1372
164064,1304
164064,63510
164064,57414
208806,30500
208806,61542
208806,11262
208806,48574
208806,61552
208806,44302
208806,33886
208806,1304
208806,60978
208806,35846
208806,10652
208806,62944
208806,63510
208806,57414
225276,1370
225276,30500
225276,56714
225276,61542
225276,11262
225276,1372
225276,59822
225276,1304
172587,1370
172587,11262
172587,1304
172587,35846
188196,61364
188196,1370
188196,11262
188196,35732
188196,1372
188196,63188
211965,1370
211965,30500
211965,56714
211965,11262
211965,48574
211965,61552
211965,50716
211965,16358
211965,1304
211965,35846
211965,33534
211965,57414
192618,1370
192618,16358
192618,1304
192618,35846
206349,1370
206349,30500
206349,56714
206349,61542
206349,11262
206349,33886
206349,1304
206349,35846
204768,1370
204768,61542
204768,1304
225351,1370
225351,56714
225351,61542
225351,11262
225351,48574
225351,50716
225351,33886
225351,1304
225351,57414
225699,1370
225699,56714
225699,61542
225699,11262
225699,50716
225699,33886
225699,1304
225699,60978
225699,10652
128334,1370
128334,30500
128334,54096
128334,11262
128334,35732
128334,1372
128334,50720
128334,63188
238536,61364
238536,1370
238536,30500
238536,11262
238536,50716
238536,33886
238536,1372
238536,49888
238536,10652
238536,63188
238536,57414
154434,61364
154434,1370
154434,11262
154434,48574
154434,39186
154434,1372
154434,1304
154434,57414
198990,61542
198990,11262
198990,1304
208476,1370
208476,30500
208476,56714
208476,61542
208476,11262
208476,35732
208476,48574
208476,39186
208476,44302
208476,1372
208476,1304
208476,49888
208476,60978
208476,63510
208476,57414
208476,50718
208476,62376
208476,62860
231459,1370
231459,56714
231459,61542
231459,11262
231459,16358
231459,33886
231459,1304
206376,1370
206376,30500
206376,56714
206376,61542
206376,50270
206376,11262
206376,35732
206376,48574
206376,39186
206376,34092
206376,44302
206376,33886
206376,1372
206376,1304
206376,60978
206376,10652
206376,51974
206376,62944
206376,63510
206376,57414
206376,59396
206376,48980
223968,1370
223968,30500
223968,56714
223968,61542
223968,11262
223968,35732
223968,48574
223968,50716
223968,44302
223968,1372
223968,1304
223968,63188
223968,62944
223968,57414
207927,61364
207927,1370
207927,30500
207927,11262
207927,50716
207927,1372
207927,63188
207927,57414
207366,1370
207366,56714
207366,61542
207366,11262
207366,48574
207366,1304
207366,33534
207366,57414
61902,1370
61902,11262
61902,33886
217293,1370
217293,56714
217293,11262
154113,1370
154113,30500
154113,61542
154113,11262
154113,50716
154113,1372
154113,1304
154113,57414
206358,1370
206358,56714
206358,61542
206358,54096
206358,11262
206358,50716
206358,44302
206358,33886
206358,1304
206358,35846
206358,62944
206358,57414
206358,63186
206496,56714
206496,11262
206496,50716
206496,33886
206496,1372
206496,60978
221751,11262
221751,48574
221751,1304
221751,49888
221751,63510
221751,57414
183363,61364
183363,1372
183363,63188
227664,61364
227664,1370
227664,56714
227664,48574
227664,39186
227664,33886
227664,1372
227664,1304
227664,60978
227664,61028
227664,63188
227664,57414
244446,61364
244446,1370
244446,61542
244446,11262
244446,39186
244446,1372
244446,63188
244446,57414
203088,1370
203088,56714
203088,61542
203088,11262
203088,35732
203088,50716
203088,1304
207618,61364
207618,1370
207618,30500
207618,56714
207618,11262
207618,35732
207618,50716
207618,39186
207618,33886
207618,1372
207618,10652
207618,61560
207618,63188
207618,63510
207618,57414
207618,50718
163377,1370
163377,61542
163377,11262
163377,50716
163377,16358
163377,1304
163377,33534
217380,1370
217380,56714
217380,11262
217380,1304
208572,1370
208572,30500
208572,56714
208572,61542
208572,50270
208572,11262
208572,35732
208572,48574
208572,50716
208572,44302
208572,1372
208572,1304
208572,60978
208572,10652
208572,63510
208572,57414
208572,48980
176607,1370
176607,30500
231162,1370
231162,30500
231162,56714
231162,11262
231162,50716
231162,1304
231162,57414
211767,1370
211767,30500
211767,56714
211767,11262
211767,50716
211767,63510
211767,50718
204141,1370
204141,56714
204141,61542
204141,11262
204141,1304
204141,33534
203232,1370
203232,56714
203232,11262
203232,48574
203232,33886
203232,1304
203232,10652
203232,57414
154473,1370
154473,56714
154473,61542
154473,11262
154473,48574
154473,33886
154473,1304
154473,57414
211989,61542
211989,11262
211989,48574
211989,1304
211989,57414
241389,1370
241389,30500
241389,61542
241389,11262
241389,50716
241389,33886
241389,1304
241389,10652
241389,63510
241389,57414
205728,1370
205728,11262
205728,50716
227973,1370
227973,30500
227973,56714
227973,11262
227973,48574
227973,50716
227973,39186
227973,34092
227973,60978
227973,10652
227973,63510
227973,57414
235299,1370
235299,30500
235299,56714
235299,11262
235299,48574
235299,1372
235299,1304
235299,10652
235299,63188
235299,57414
235299,56696
195507,1370
195507,30500
195507,56714
195507,61542
195507,11262
195507,35732
195507,48574
195507,50716
195507,44302
195507,33886
195507,1304
195507,63510
195507,57414
201282,61542
201282,11262
201282,1304
243408,1370
243408,56714
243408,61542
243408,11262
243408,33886
243408,59822
243408,1304
243408,10652
243408,50718
243408,62376
174513,1370
174513,30500
174513,56714
174513,11262
174513,35732
174513,48574
174513,50716
174513,16358
174513,1304
174513,60978
174513,63510
174513,57414
188730,61364
188730,1370
188730,30500
188730,56714
188730,61672
188730,61542
188730,54096
188730,11262
188730,35732
188730,48574
188730,39186
188730,34092
188730,44302
188730,124
188730,33886
188730,1372
188730,1304
188730,10652
188730,63188
188730,62944
188730,57414
198882,1370
198882,30500
198882,56714
198882,61542
198882,50270
198882,11262
198882,35732
198882,48574
198882,39186
198882,34092
198882,44302
198882,33886
198882,61558
198882,1372
198882,1304
198882,60978
198882,35846
198882,10652
198882,63188
198882,62944
198882,63510
198882,57414
198882,59396
198882,56696
206442,56714
206442,11262
206442,50716
206442,33886
212220,1370
212220,30500
212220,56714
212220,54096
212220,11262
212220,35732
212220,48574
212220,50716
212220,57804
212220,16358
212220,44302
212220,124
212220,33886
212220,50274
212220,3382
212220,10808
212220,1372
212220,1304
212220,35846
212220,10652
212220,63188
212220,57414
212430,61364
212430,1370
212430,30500
212430,56714
212430,61542
212430,11262
212430,35732
212430,48574
212430,39186
212430,16358
212430,1372
212430,1304
212430,60978
212430,10652
212430,63188
212430,63510
212430,57414
212526,1370
212526,30500
212526,56714
212526,61542
212526,11262
212526,35732
212526,48574
212526,39186
212526,16358
212526,44302
212526,33886
212526,1372
212526,1304
212526,35846
212526,10652
212526,57414
212526,50718
212526,62376
220728,1370
220728,30500
220728,56714
220728,61542
220728,11262
220728,39186
220728,44302
220728,33886
220728,1372
220728,1304
220728,60978
220728,63510
220728,57414
153756,1370
153756,30500
153756,56714
153756,61672
153756,54096
153756,11262
153756,48574
153756,61552
153756,50716
153756,44302
153756,1372
153756,59816
153756,1304
153756,60978
153756,35846
153756,10652
153756,42132
153756,63188
153756,63510
153756,57414
153756,63186
153756,56696
177903,1370
177903,61542
177903,11262
177903,1304
194424,56714
194424,11262
194424,50716
194424,33886
203133,1370
203133,30500
203133,56714
203133,61542
203133,54096
203133,11262
203133,35732
203133,48574
203133,50716
203133,39186
203133,16358
203133,44302
203133,33886
203133,1372
203133,1304
203133,60978
203133,46632
203133,10652
203133,63188
203133,62944
203133,63510
203133,57414
203133,62376
203796,1370
203796,30500
203796,56714
203796,11262
203796,35732
203796,48574
203796,50716
203796,39186
203796,44302
203796,33886
203796,1304
203796,10652
203796,63188
203796,57414
203796,59396
203796,62376
206460,30500
206460,61542
206460,11262
206460,33886
206460,1372
206460,1304
206460,63188
207129,61364
207129,30500
207129,56714
207129,61542
207129,11262
207129,35732
207129,39186
207129,44302
207129,33886
207129,1372
207129,1304
207129,60978
207129,42132
207129,63188
207129,63510
207129,57414
207129,63186
156057,1370
156057,30500
156057,56714
156057,50270
156057,54096
156057,11262
156057,48574
156057,39186
156057,44302
156057,50274
156057,1372
156057,1304
156057,60978
156057,10652
156057,63188
156057,57414
156057,59396
156489,1370
156489,30500
156489,11262
156489,33886
156489,1372
156489,1304
167316,61364
167316,1370
167316,30500
167316,56714
167316,61542
167316,11262
167316,48574
167316,39186
167316,34092
167316,16358
167316,44302
167316,1372
167316,1304
167316,60978
167316,10652
167316,63188
167316,62944
167316,63510
167316,57414
208341,1370
208341,30500
208341,56714
208341,11262
208341,39186
208341,44302
208341,33886
208341,60978
208341,10652
208509,1370
208509,61542
208509,11262
208509,1372
208509,1304
158499,1370
158499,30500
158499,56714
158499,61542
158499,11262
158499,48574
158499,34092
158499,33886
158499,1372
158499,1304
158499,60978
158499,10652
158499,63188
158499,63510
158499,57414
206361,1370
206361,56714
206361,11262
206361,50716
206361,33886
206361,1304
206361,57414
206667,30500
206667,56714
206667,61542
206667,54096
206667,11262
206667,35732
206667,48574
206667,61552
206667,44302
206667,1372
206667,1304
206667,60978
206667,35846
206667,42132
206667,63510
206667,57414
226662,1370
226662,30500
226662,56714
226662,61542
226662,11262
226662,48574
226662,33886
226662,1372
226662,1304
226662,60978
226662,10652
226662,63510
226662,57414
61215,11262
154011,1370
154011,30500
154011,56714
154011,61542
154011,11262
154011,35732
154011,48574
154011,50716
154011,44302
154011,1304
154011,60978
154011,10652
154011,57414
174468,1370
174468,30500
174468,56714
174468,61542
174468,11262
174468,48574
174468,61552
174468,1372
174468,1304
174468,60978
174468,35846
174468,10652
174468,63188
174468,63510
174468,57414
174468,62376
203052,61542
203052,11262
203052,48574
203052,50716
203052,33886
203052,1304
203052,60978
203052,63510
203052,57414
204780,1370
204780,30500
204780,56714
204780,61542
204780,11262
204780,35732
204780,48574
204780,39186
204780,16358
204780,44302
204780,33886
204780,1372
204780,1304
204780,60978
204780,10652
204780,63188
204780,57414
204780,50718
208788,1370
208788,30500
208788,56714
208788,50270
208788,54096
208788,11262
208788,35732
208788,48574
208788,39186
208788,44302
208788,33886
208788,1372
208788,1304
208788,60978
208788,10652
208788,63188
208788,62944
208788,63510
208788,57414
211527,61364
211527,30500
211527,56714
211527,61542
211527,54096
211527,11262
211527,36720
211527,39186
211527,57804
211527,44302
211527,124
211527,33886
211527,1372
211527,54290
211527,50272
211527,1304
211527,60978
211527,35846
211527,10652
211527,42132
211527,63188
211527,62944
211527,63510
211527,59396
211527,48980
211749,56714
211749,50270
211749,44302
211749,60978
211749,42132
234030,1370
234030,11262
234030,48574
234030,1304
234030,57414
72930,61364
72930,1370
72930,30500
72930,56714
72930,61542
72930,50270
72930,54096
72930,11262
72930,35732
72930,48574
72930,39186
72930,44302
72930,33886
72930,50274
72930,1372
72930,1304
72930,60978
72930,35846
72930,10652
72930,61028
72930,63188
72930,62944
72930,63510
72930,57414
72930,59396
186177,1370
186177,30500
186177,56714
186177,11262
186177,50716
186177,44302
186177,35846
186177,57414
191226,61364
191226,1370
191226,30500
191226,56714
191226,54096
191226,11262
191226,48574
191226,50716
191226,39186
191226,1372
191226,1304
191226,35846
191226,63188
191226,63510
191226,57414
191226,50718
191226,62400
203829,1370
203829,30500
203829,56714
203829,61542
203829,11262
203829,48574
203829,33886
203829,59822
203829,1304
203829,10652
203829,63510
203829,57414
203829,56696
203829,62376
211125,30500
211125,11262
211125,50716
211125,44302
211125,33886
211125,10652
224145,1370
224145,30500
224145,56714
224145,61542
224145,11262
224145,48574
224145,39186
224145,44302
224145,1304
224145,49888
224145,60978
224145,10652
224145,63188
224145,62944
224145,63510
224145,57414
224145,59396
237195,61364
237195,1370
237195,61542
237195,11262
237195,48574
237195,33886
237195,1372
237195,1304
237195,63188
237195,57414
172704,1370
172704,30500
172704,56714
172704,50270
172704,54096
172704,11262
172704,48574
172704,50716
172704,39186
172704,57804
172704,44302
172704,33886
172704,50274
172704,1372
172704,60978
172704,10652
211140,56714
211140,36720
211140,57804
211140,44302
211140,50274
211140,60
211140,10808
211140,49888
211140,51316
72108,1370
72108,61542
72108,11262
72108,35732
72108,33886
72108,1372
72108,1304
166437,1370
166437,30500
166437,56714
166437,11262
166437,35732
166437,48574
166437,1372
166437,1304
166437,60978
166437,63188
166437,57414
184950,1370
184950,30500
184950,56714
184950,61542
184950,11262
184950,35732
184950,50716
184950,1372
184950,1304
184950,10652
184950,63510
210186,30500
210186,56714
210186,61542
210186,11262
210186,50716
210186,44302
210186,33886
210186,1372
210186,1304
210186,60978
232065,1370
232065,30500
232065,56714
232065,54096
232065,11262
232065,35732
232065,48574
232065,39186
232065,57804
232065,44302
232065,50274
232065,1372
232065,10652
232065,63188
232065,57414
65640,1370
65640,30500
65640,56714
65640,61542
65640,11262
65640,35732
65640,48574
65640,50716
65640,39186
65640,34092
65640,33886
65640,1372
65640,1304
65640,35846
65640,10652
65640,63188
65640,63510
65640,57414
65640,50718
154275,1370
154275,30500
154275,56714
154275,61542
154275,11262
154275,35732
154275,48574
154275,50716
154275,44302
154275,33886
154275,1372
154275,1304
154275,60978
154275,10652
154275,57414
161667,61364
161667,1370
161667,56714
161667,61542
161667,50270
161667,11262
161667,50716
161667,39186
161667,33886
161667,1372
161667,1304
161667,60978
161667,35846
161667,10652
161667,63188
161667,59396
188844,1370
188844,30500
188844,56714
188844,61672
188844,61542
188844,11262
188844,35732
188844,48574
188844,1372
188844,1304
188844,49888
188844,60978
188844,10652
188844,63188
188844,62944
188844,63510
188844,57414
188844,50718
203709,61542
203709,11262
203709,1304
210834,1370
210834,56714
210834,11262
210834,48574
210834,50716
210834,33886
210834,60978
210834,10652
210834,63510
210834,57414
224169,61364
224169,1370
224169,30500
224169,56714
224169,61542
224169,11262
224169,35732
224169,48574
224169,39186
224169,34092
224169,44302
224169,124
224169,33886
224169,1372
224169,1304
224169,49888
224169,10652
224169,63188
224169,63510
224169,57414
224169,50718
195372,1370
195372,11262
195372,35732
195372,48574
195372,50716
195372,39186
195372,33886
195372,1372
195372,1304
195372,60978
195372,63188
198210,1370
198210,56714
198210,11262
198210,48574
198210,50716
198210,33886
198210,1304
211524,1370
211524,30500
211524,56714
211524,61542
211524,11262
211524,48574
211524,50716
211524,39186
211524,44302
211524,33886
211524,1304
211524,10652
211524,63510
211524,57414
211524,48980
231282,1370
231282,30500
231282,11262
231282,48574
231282,50716
231282,1304
231282,63510
66465,1370
66465,30500
66465,56714
66465,11262
66465,35732
66465,50716
66465,44302
66465,1304
66465,60978
66465,10652
66465,63510
66465,57414
96444,1370
96444,30500
96444,56714
96444,61542
96444,11262
96444,35732
96444,48574
96444,50716
96444,39186
96444,33886
96444,1372
96444,1304
96444,60978
96444,10652
96444,63188
96444,63510
96444,57414
96444,50718
155085,61364
155085,1370
155085,30500
155085,56714
155085,61542
155085,1372
155085,1304
155085,60978
155085,10652
155085,63510
208797,1370
208797,56714
208797,61542
208797,1304
239592,11262
239592,39186
196722,1370
196722,56714
196722,61542
196722,11262
196722,48574
196722,50716
196722,1304
196722,10652
196722,33534
196722,63510
196722,57414
196722,56696
203388,30500
203388,11262
203388,33886
203388,59822
203388,1304
203388,63510
203388,57414
220170,1370
220170,30500
220170,56714
220170,11262
220170,48574
220170,50716
220170,1304
220170,60978
220170,10652
220170,57414
128538,61364
128538,1370
128538,30500
128538,56714
128538,61542
128538,11262
128538,48574
128538,39186
128538,44302
128538,1372
128538,1304
128538,49888
128538,60978
128538,10652
128538,63188
128538,63510
128538,57414
128538,50718
128538,62400
128538,62860
196455,30500
196455,11262
196455,48574
196455,50716
196455,1304
196455,60978
196455,57414
208053,1370
208053,11262
208053,1304
225747,1370
225747,30500
225747,61672
225747,54096
225747,11262
225747,35732
225747,48574
225747,50716
225747,39186
225747,44302
225747,33886
225747,1372
225747,60978
225747,10652
225747,57414
228741,1370
228741,30500
228741,11262
228741,1304
61824,1370
61824,30500
61824,61542
61824,11262
61824,48574
61824,50716
61824,1372
61824,1304
61824,63510
61824,57414
165726,1370
165726,30500
165726,11262
165726,35732
165726,50716
165726,39186
165726,1372
165726,1304
165726,50718
166128,1370
166128,30500
166128,56714
166128,61542
166128,11262
166128,35732
166128,48574
166128,39186
166128,124
166128,33886
166128,1372
166128,1304
166128,35846
166128,10652
166128,63510
166128,57414
166128,50718
166128,62376
194904,1370
194904,30500
194904,56714
194904,54096
194904,11262
194904,35732
194904,48574
194904,50716
194904,39186
194904,16358
194904,44302
194904,33886
194904,50274
194904,1372
194904,1304
194904,60978
194904,10652
194904,63188
194904,57414
197529,61364
197529,1370
197529,30500
197529,56714
197529,61542
197529,11262
197529,35732
197529,48574
197529,50716
197529,124
197529,1372
197529,1304
197529,63188
197529,63510
197529,57414
203322,1370
203322,30500
203322,56714
203322,61542
203322,11262
203322,35732
203322,50716
203322,39186
203322,33886
203322,1304
203322,60978
203322,10652
203322,63510
207993,1370
207993,61542
207993,11262
207993,48574
207993,1372
207993,1304
208722,1370
208722,30500
208722,56714
208722,61542
208722,50270
208722,54096
208722,11262
208722,35732
208722,48574
208722,39186
208722,44302
208722,33886
208722,1304
208722,60978
208722,10652
208722,62944
208722,63510
208722,57414
154743,61364
154743,1370
154743,56714
154743,61542
154743,11262
154743,1372
154743,1304
154743,63188
181101,1370
181101,30500
181101,56714
181101,61542
181101,11262
181101,48574
181101,39186
181101,34092
181101,44302
181101,33886
181101,50274
181101,1372
181101,1304
181101,60978
181101,10652
181101,63188
181101,57414
206427,1370
206427,30500
206427,56714
206427,61542
206427,11262
206427,48574
206427,50716
206427,34092
206427,33886
206427,1372
206427,1304
206427,35846
206427,57414
225393,61364
225393,1370
225393,30500
225393,56714
225393,61542
225393,50270
225393,54096
225393,11262
225393,35732
225393,48574
225393,61552
225393,36720
225393,39186
225393,44302
225393,124
225393,33886
225393,50274
225393,1372
225393,50272
225393,1304
225393,60978
225393,35846
225393,10652
225393,42132
225393,33534
225393,63188
225393,62944
225393,57414
154890,1370
154890,30500
154890,56714
154890,61542
154890,50270
154890,11262
154890,48574
154890,39186
154890,34092
154890,44302
154890,33886
154890,1372
154890,1304
154890,60978
154890,35846
154890,10652
154890,63188
154890,57414
206697,56714
206697,36720
206697,39186
206697,33886
206697,50274
206697,10808
206697,1304
206697,60978
210114,1370
210114,30500
210114,56714
210114,61542
210114,11262
210114,48574
210114,44302
210114,33886
210114,59822
210114,1304
210114,49888
210114,60978
210114,10652
210114,62944
210114,63510
210114,57414
210114,50718
211548,1370
211548,30500
211548,56714
211548,61542
211548,11262
211548,35732
211548,48574
211548,50716
211548,39186
211548,44302
211548,33886
211548,1372
211548,1304
211548,60978
211548,57414
232404,1370
232404,30500
232404,56714
232404,61542
232404,11262
232404,48574
232404,50716
232404,44302
232404,1304
232404,60978
232404,63510
232404,57414
212301,61364
212301,30500
212301,56714
212301,61542
212301,54096
212301,11262
212301,48574
212301,39186
212301,57804
212301,44302
212301,33886
212301,50274
212301,1372
212301,59816
212301,1304
212301,60978
212301,35846
212301,10652
212301,42132
212301,63188
212301,62944
212301,63510
212301,57414
212301,63186
154032,1370
154032,30500
154032,61542
154032,11262
154032,35732
154032,48574
154032,61552
154032,50716
154032,16358
154032,1304
154032,60978
154032,35846
154032,57414
154032,50718
154032,56696
153669,11262
153669,1372
153669,1304
153669,42132
153669,63188
153669,63186
194718,61542
194718,11262
194718,1304
194718,35846
208350,1370
208350,61542
208350,11262
208350,48574
208350,61552
208350,33886
208350,1304
208350,35846
208350,57414
238293,1370
238293,30500
238293,56714
238293,50270
238293,54096
238293,11262
238293,35732
238293,39186
238293,44302
238293,33886
238293,1372
238293,1304
238293,60978
238293,10652
238293,57414
157938,1370
157938,30500
157938,56714
157938,61542
157938,11262
157938,35732
157938,48574
157938,1372
157938,1304
157938,49888
157938,60978
157938,57414
200502,1370
200502,30500
200502,56714
200502,61542
200502,11262
200502,35732
200502,48574
200502,61552
200502,39186
200502,44302
200502,33886
200502,50274
200502,1372
200502,1304
200502,60978
200502,35846
200502,10652
200502,62944
200502,63510
200502,57414
208590,11262
208590,48574
208590,50716
208590,60978
208590,57414
201798,1370
201798,30500
201798,56714
201798,11262
201798,50716
201798,60978
201798,63510
201798,57414
208209,1370
208209,56714
208209,11262
208209,48574
208209,1372
208209,57414
227310,1370
227310,30500
227310,56714
227310,61542
227310,50270
227310,11262
227310,35732
227310,48574
227310,50716
227310,34092
227310,44302
227310,33886
227310,50274
227310,1304
227310,60978
227310,63510
227310,57414
227310,59396
60882,1370
60882,30500
60882,56714
60882,11262
60882,35732
60882,48574
60882,39186
60882,1372
60882,1304
60882,60978
60882,57414
66843,1370
66843,30500
66843,56714
66843,54096
66843,11262
66843,50716
66843,39186
66843,44302
66843,33886
66843,1304
66843,60978
66843,10652
66843,63510
154758,1370
154758,61542
154758,11262
154758,16358
154758,33886
154758,1304
154758,60978
154758,35846
203706,61542
203706,11262
203706,61552
203706,33886
203706,1304
203706,35846
212892,61364
212892,1370
212892,30500
212892,56714
212892,11262
212892,48574
212892,50716
212892,39186
212892,16358
212892,33886
212892,1372
212892,10652
212892,57414
236520,56714
236520,50270
236520,36720
236520,57804
236520,44302
236520,50274
236520,60
236520,10808
236520,50272
236520,51316
236520,36722
236520,59394
236520,36762
128526,61364
128526,1370
128526,30500
128526,56714
128526,61542
128526,11262
128526,35732
128526,48574
128526,39186
128526,16358
128526,44302
128526,124
128526,33886
128526,1372
128526,60978
128526,62944
128526,63510
128526,57414
153765,1370
153765,1372
153765,1304
153765,10652
203889,30500
203889,61542
203889,11262
203889,50716
203889,1304
203889,60978
203889,63510
203889,57414
204519,61364
204519,1370
204519,30500
204519,56714
204519,54096
204519,11262
204519,48574
204519,50716
204519,44302
204519,33886
204519,1372
204519,1304
204519,10652
204519,63188
204519,57414
204519,50718
192627,1370
192627,61542
192627,11262
192627,1304
208893,1370
208893,56714
208893,11262
208893,48574
208893,50716
208893,33886
208893,1304
208893,60978
208893,62944
208893,63510
208893,57414
223554,30500
223554,56714
223554,61542
223554,11262
223554,48574
223554,50716
223554,44302
223554,33886
223554,1304
223554,49888
223554,57414
234156,1370
234156,30500
234156,56714
234156,61542
234156,11262
234156,48574
234156,50716
234156,39186
234156,33886
234156,1304
234156,62944
234156,57414
167256,1370
167256,11262
167256,35732
167256,50716
167256,39186
167256,1372
167256,49888
167256,35846
167256,63188
167256,57414
239217,11262
239217,50716
239217,33886
239217,1372
160770,1370
160770,30500
160770,56714
160770,61542
160770,11262
160770,48574
160770,34092
160770,1372
160770,1304
160770,60978
160770,63188
160770,63510
160770,57414
184605,1370
184605,30500
184605,56714
184605,11262
184605,35732
184605,50716
184605,1304
184605,60978
206664,56714
206664,61542
206664,11262
206664,48574
206664,61552
206664,50716
206664,44302
206664,33886
206664,1372
206664,1304
206664,35846
206664,33534
206664,63510
206664,57414
206760,30500
206760,56714
206760,61542
206760,50270
206760,54096
206760,11262
206760,48574
206760,39186
206760,57804
206760,44302
206760,124
206760,33886
206760,50274
206760,1372
206760,50272
206760,1304
206760,60978
206760,10652
206760,33534
206760,57414
61344,1370
61344,30500
61344,56714
61344,11262
61344,48574
61344,50716
61344,33886
61344,1304
61344,10652
61344,63510
61344,57414
205188,1370
205188,11262
205188,1304
238263,1370
238263,56714
238263,61542
238263,11262
238263,48574
238263,33886
238263,1304
238263,60978
238263,63510
238263,57414
184635,1370
184635,61542
184635,11262
184635,35732
184635,50716
184635,1372
184635,1304
184635,49888
184635,57414
184635,50718
206607,61364
206607,54096
206607,11262
206607,1372
206607,63188
224526,1370
224526,30500
224526,61672
224526,11262
224526,35732
224526,48574
224526,50716
224526,33886
224526,1372
224526,1304
224526,49888
224526,60978
224526,10652
224526,63510
224526,57414
212232,56714
212232,11262
212232,50716
212232,33886
153726,48574
153726,57414
208533,30500
208533,56714
208533,11262
208533,48574
208533,50716
208533,33886
208533,1304
208533,57414
211476,1370
211476,56714
211476,61542
211476,11262
211476,48574
211476,50716
211476,1304
211476,57414
222711,1370
222711,56714
222711,11262
222711,48574
128700,57804
128700,49888
192564,1370
192564,30500
192564,56714
192564,61542
192564,11262
192564,48574
192564,39186
192564,16358
192564,44302
192564,33886
192564,1304
192564,60978
192564,10652
192564,42132
192564,57414
194388,1370
194388,30500
194388,56714
194388,11262
194388,16358
63867,1370
63867,30500
63867,56714
63867,61542
63867,11262
63867,35732
63867,48574
63867,50716
63867,33886
63867,1304
63867,60978
63867,63510
63867,57414
208524,1370
208524,30500
208524,56714
208524,61542
208524,50270
208524,11262
208524,35732
208524,48574
208524,39186
208524,44302
208524,50274
208524,1372
208524,1304
208524,60978
208524,10652
208524,50720
208524,63188
208524,62944
208524,63510
208524,57414
208524,59396
157224,1370
157224,30500
157224,56714
157224,61542
157224,11262
157224,35732
157224,48574
157224,61552
157224,50716
157224,16358
157224,44302
157224,1372
157224,1304
157224,35846
157224,10652
157224,61560
157224,63188
157224,62944
157224,63510
157224,57414
204771,11262
204771,61552
204771,50716
204771,16358
204771,33886
204771,35846
204771,42132
204771,33534
204771,63510
205122,30500
205122,56714
205122,61542
205122,11262
205122,59822
205122,1304
205122,60978
205122,57414
161283,1370
161283,61542
161283,11262
161283,48574
161283,50716
161283,33886
161283,1304
161283,63510
154779,30500
154779,56714
154779,54096
154779,11262
154779,48574
154779,50716
154779,1304
154779,10652
154779,57414
208506,30500
208506,61542
208506,11262
208506,48574
208506,50716
208506,33886
208506,1304
208506,63510
208506,57414
175899,1370
175899,11262
175899,35732
175899,48574
175899,1304
185244,1370
185244,61542
185244,35732
185244,48574
185244,39186
185244,1372
185244,1304
185244,63510
185244,57414
206439,1370
206439,30500
206439,61542
206439,11262
206439,48574
206439,50716
206439,33886
206439,1372
206439,1304
206439,63510
206439,57414
234129,56714
234129,11262
234129,39186
234129,61558
167082,1370
167082,56714
167082,11262
157680,1370
157680,61542
157680,11262
157680,1304
206943,30500
206943,61542
206943,54096
206943,11262
206943,50716
206943,39186
206943,57804
206943,124
206943,33886
206943,1372
206943,1304
206943,57414
184863,1370
184863,30500
184863,56714
184863,50270
184863,11262
184863,50716
184863,44302
184863,1372
184863,60978
184863,61028
192714,1370
192714,56714
192714,11262
192714,48574
192714,16358
192714,1304
206451,1370
206451,30500
206451,56714
206451,11262
206451,48574
206451,50716
206451,44302
206451,33886
206451,1372
206451,1304
206451,63188
206451,57414
208539,1370
208539,30500
208539,56714
208539,11262
208539,48574
208539,57414
203199,1370
203199,11262
203199,1372
203199,1304
203199,63188
203871,1370
203871,30500
203871,56714
203871,61542
203871,11262
203871,50716
203871,1304
203871,60978
203871,33534
203871,63510
216948,1370
216948,30500
216948,56714
216948,11262
216948,48574
216948,50716
216948,1372
216948,49888
216948,60978
232269,1370
232269,30500
232269,56714
232269,61542
232269,11262
232269,35732
232269,48574
232269,50716
232269,44302
232269,33886
232269,1372
232269,1304
232269,60978
232269,63510
232269,57414
72312,1370
72312,56714
72312,11262
72312,50716
72312,44302
72312,33886
72312,1304
72312,10652
72312,57414
204411,1370
204411,30500
204411,61672
204411,54096
204411,11262
204411,50716
204411,33886
204411,59816
204411,35846
204411,10652
204411,42132
204411,63186
75723,1370
75723,61542
75723,11262
75723,35732
75723,61552
75723,50716
75723,61558
75723,1372
75723,1304
75723,49888
75723,35846
75723,61560
75723,63188
75723,56696
223104,1370
223104,30500
223104,11262
223104,35732
223104,50716
223104,33886
223104,1372
223104,1304
223104,49888
223104,60978
223104,63510
223104,57414
223104,50718
154119,61364
154119,1370
154119,11262
154119,39186
154119,1372
154119,10652
154119,61028
154119,63188
165786,1370
165786,11262
165786,48574
165786,50716
165786,63510
165786,57414
209520,11262
209520,50716
209520,61028
203073,1370
203073,30500
203073,56714
203073,61672
203073,11262
203073,35732
203073,48574
203073,39186
203073,33886
203073,1304
203073,49888
203073,10652
203073,63510
203073,57414
182442,1370
182442,11262
182442,50718
223518,1370
223518,30500
223518,11262
223518,33886
223518,1304
223518,63510
223518,57414
208872,1370
208872,30500
208872,56714
208872,61542
208872,11262
208872,50716
208872,34092
208872,44302
208872,1372
208872,1304
208872,60978
208872,35846
208872,63510
208872,57414
215298,30500
215298,56714
215298,61542
215298,11262
215298,48574
215298,1372
215298,57414
197034,1370
197034,30500
197034,50716
197034,57414
212469,1370
212469,30500
212469,56714
212469,61542
212469,11262
212469,48574
212469,50716
212469,44302
212469,1304
212469,57414
239115,1370
239115,61542
239115,1304
216309,1370
216309,56714
216309,11262
216309,44302
66033,1370
66033,11262
66033,1372
66033,63188
208566,61542
208566,11262
208566,35732
208566,48574
208566,50716
208566,1304
208566,60978
208566,63510
208566,57414
159027,50716
159027,1304
159027,63510
232266,57804
232266,50274
232266,60
232266,10808
154869,1370
154869,61542
154869,11262
154869,33886
154869,1372
154869,1304
154869,63188
166995,61364
166995,1370
166995,30500
166995,56714
166995,61542
166995,11262
166995,35732
166995,48574
166995,61552
166995,33886
166995,61558
166995,1372
166995,1304
166995,60978
166995,35846
166995,50268
166995,61560
166995,63510
166995,57414
182565,61364
182565,1370
182565,30500
182565,56714
182565,61542
182565,50270
182565,54096
182565,11262
182565,35732
182565,48574
182565,39186
182565,57804
182565,16358
182565,44302
182565,33886
182565,50274
182565,1372
182565,59822
182565,1304
182565,60978
182565,35846
182565,46632
182565,10652
182565,63188
182565,62944
182565,63510
182565,57414
182565,59396
182565,50718
182565,48980
203268,1370
203268,30500
203268,56714
203268,61542
203268,11262
203268,48574
203268,44302
203268,1304
203268,60978
203268,10652
203268,63510
203268,57414
153960,61364
153960,1370
153960,30500
153960,61542
153960,54096
153960,11262
153960,48574
153960,1372
153960,1304
153960,63188
153960,57414
188604,1370
188604,61542
188604,1372
188604,1304
188604,63188
203295,61364
203295,56714
203295,61542
203295,11262
203295,35732
203295,48574
203295,44302
203295,33886
203295,1372
203295,1304
203295,49888
203295,60978
203295,10652
203295,63188
203295,63510
203295,57414
206346,1370
206346,30500
206346,56714
206346,61542
206346,50270
206346,11262
206346,35732
206346,48574
206346,39186
206346,34092
206346,57804
206346,44302
206346,33886
206346,50274
206346,1372
206346,1304
206346,60978
206346,10652
206346,51974
206346,62944
206346,63510
206346,57414
206346,59396
154485,1370
154485,61672
154485,11262
154485,35732
154485,48574
154485,57414
157416,1370
157416,56714
157416,11262
157416,48574
157416,1304
157416,57414
203316,1370
203316,30500
203316,56714
203316,11262
203316,48574
203316,50716
203316,34092
203316,44302
203316,63510
203316,57414
205662,1370
205662,30500
205662,56714
205662,61542
205662,11262
205662,48574
205662,39186
205662,44302
205662,33886
205662,1304
205662,60978
205662,10652
205662,62944
205662,63510
205662,57414
206406,1370
206406,56714
206406,61542
206406,11262
206406,35732
206406,48574
206406,34092
206406,33886
206406,59822
206406,1304
206406,60978
206406,61028
206406,63510
206406,57414
229977,1370
229977,56714
229977,11262
229977,48574
229977,39186
229977,44302
229977,33886
229977,10808
229977,1372
229977,1304
229977,60978
229977,10652
229977,63188
229977,63510
229977,57414
172695,1370
172695,30500
172695,11262
172695,50716
172695,16358
172695,1304
172695,42132
172695,62376
205740,1370
205740,30500
205740,56714
205740,11262
205740,48574
205740,1304
205740,57414
2061063,1370
2061063,30500
2061063,11262
2061063,48574
2061063,124
2061063,1304
2061063,60978
2061063,63510
2061063,57414
206745,1370
206745,30500
206745,56714
206745,61542
206745,11262
206745,48574
206745,61552
206745,50716
206745,33886
206745,1372
206745,1304
206745,63510
206745,57414
208599,1370
208599,30500
208599,56714
208599,61542
208599,11262
208599,35732
208599,48574
208599,44302
208599,1372
208599,1304
208599,60978
208599,35846
208599,10652
208599,63510
208599,57414
229341,30500
229341,56714
229341,61542
229341,11262
229341,48574
229341,50716
229341,44302
229341,1304
229341,49888
229341,57414
229341,50718
186438,61364
186438,1370
186438,30500
186438,56714
186438,61542
186438,11262
186438,35732
186438,48574
186438,50716
186438,39186
186438,44302
186438,33886
186438,1372
186438,1304
186438,10652
186438,63188
186438,63510
186438,57414
186438,50718
208740,1370
208740,30500
208740,11262
208740,48574
208740,50716
208740,33886
208740,63510
208740,57414
208740,50718
227469,61364
227469,1370
227469,30500
227469,11262
227469,35732
227469,48574
227469,39186
227469,44302
227469,50274
227469,1372
227469,1304
227469,10652
227469,61028
227469,63188
227469,57414
230028,1370
230028,30500
230028,56714
230028,11262
230028,50716
230028,44302
230028,33886
230028,1372
230028,1304
230028,60978
230028,63510
242151,1370
242151,30500
242151,56714
242151,61542
242151,11262
242151,33886
242151,1372
242151,1304
242151,49888
242151,57414
242571,30500
242571,11262
242571,50716
242571,33886
242571,1304
128604,61364
128604,1370
128604,30500
128604,56714
128604,61542
128604,54096
128604,11262
128604,48574
128604,39186
128604,1372
128604,1304
128604,10652
128604,63188
128604,57414
128604,50718
190776,1370
190776,56714
190776,11262
190776,33886
206847,1370
206847,30500
206847,56714
206847,61542
206847,11262
206847,35732
206847,48574
206847,50716
206847,16358
206847,33886
206847,1372
206847,1304
206847,35846
206847,10652
206847,42132
206847,57414
210234,1370
210234,30500
210234,56714
210234,61542
210234,54096
210234,11262
210234,35732
210234,48574
210234,39186
210234,44302
210234,124
210234,33886
210234,1372
210234,1304
210234,10652
210234,57414
211815,1370
211815,30500
211815,56714
211815,61542
211815,11262
211815,35732
211815,48574
211815,16358
211815,33886
211815,1304
211815,35846
211815,10652
211815,57414
213513,1370
213513,30500
213513,61542
213513,11262
213513,48574
213513,50716
213513,1304
213513,10652
213513,57414
242856,1370
242856,56714
242856,11262
242856,48574
242856,50716
242856,16358
242856,33886
242856,57414
64218,1370
64218,56714
64218,61542
64218,11262
64218,35732
64218,48574
64218,33886
64218,1372
64218,1304
181149,1370
181149,30500
181149,56714
181149,61542
181149,11262
181149,35732
181149,48574
181149,39186
181149,1372
181149,1304
181149,10652
181149,57414
225012,1370
225012,30500
225012,56714
225012,11262
225012,50716
225012,1304
225012,57414
186447,54096
186447,11262
186447,50716
186447,39186
186447,44302
186447,33886
186447,60978
186447,62944
186447,63510
203214,1370
203214,11262
203214,35732
203214,48574
203214,39186
203214,44302
203214,1372
203214,60978
203214,63510
203214,57414
208626,11262
208626,50716
208626,33886
208626,1304
208626,60978
63582,56714
63582,11262
63582,35732
63582,48574
63582,33886
63582,1304
63582,60978
63582,63510
63582,57414
183390,54096
183390,11262
183390,1372
203328,30500
203328,56714
203328,61542
203328,11262
203328,50716
203328,1304
212478,11262
212478,50716
212478,63510
207084,61364
207084,61542
207084,11262
207084,48574
207084,44302
207084,1372
207084,1304
207084,49888
207084,60978
207084,63188
209799,1370
209799,56714
209799,54096
209799,11262
209799,48574
209799,50716
209799,39186
209799,44302
209799,33886
209799,1372
209799,57414
221526,1370
221526,30500
221526,56714
221526,61542
221526,11262
221526,35732
221526,50716
221526,16358
221526,33886
221526,1304
221526,49888
221526,35846
221526,57414
155106,1370
155106,30500
155106,56714
155106,11262
155106,35732
155106,48574
155106,33886
155106,1304
155106,49888
155106,63510
155106,57414
184509,1370
184509,56714
184509,11262
184509,48574
184509,50716
184509,1372
184509,1304
184509,60978
184509,63188
184509,57414
224874,1370
224874,56714
224874,11262
224874,48574
224874,50716
224874,36720
224874,57804
224874,16358
224874,50274
224874,59816
224874,49888
224874,60978
224874,10652
224874,42132
224874,50720
224874,57414
224874,63186
154068,61364
154068,1370
154068,61542
154068,11262
154068,48574
154068,124
154068,33886
154068,1372
154068,1304
154068,63510
154068,57414
154881,61364
154881,1370
154881,30500
154881,56714
154881,61542
154881,54096
154881,11262
154881,48574
154881,39186
154881,61558
154881,1372
154881,1304
154881,49888
154881,60978
154881,10652
154881,63188
154881,62944
154881,63510
154881,57414
186933,30500
186933,56714
186933,54096
186933,11262
186933,35732
186933,36720
186933,39186
186933,57804
186933,44302
186933,124
186933,33886
186933,50274
186933,3382
186933,10652
186933,50720
222438,1370
222438,30500
222438,56714
222438,61672
222438,11262
222438,35732
222438,48574
222438,44302
222438,1304
222438,60978
222438,10652
222438,63510
222438,57414
158016,56714
158016,11262
158016,48574
158016,50716
158016,33886
158016,1304
158016,63510
158016,57414
153309,1370
153309,61542
153309,11262
153309,1304
186216,61364
186216,1370
186216,30500
186216,56714
186216,61542
186216,11262
186216,35732
186216,48574
186216,50716
186216,39186
186216,1372
186216,1304
186216,60978
186216,10652
186216,63188
186216,63510
186216,57414
208536,30500
208536,56714
208536,61542
208536,11262
208536,48574
208536,50716
208536,39186
208536,1304
208536,57414
208536,50718
224841,1370
224841,11262
224841,35732
224841,57414
235932,1370
235932,56714
235932,61542
235932,11262
235932,48574
235932,50716
235932,33886
235932,1304
207600,1370
207600,56714
207600,61542
207600,11262
207600,48574
207600,61552
207600,50716
207600,16358
207600,33886
207600,1372
207600,1304
207600,60978
207600,35846
207600,10652
207600,63188
207600,57414
210393,1370
210393,30500
210393,56714
210393,61542
210393,11262
210393,48574
210393,44302
210393,33886
210393,1304
210393,60978
210393,57414
165762,61364
165762,1370
165762,30500
165762,56714
165762,61672
165762,61542
165762,11262
165762,48574
165762,61552
165762,39186
165762,16358
165762,44302
165762,124
165762,1372
165762,1304
165762,60978
165762,35846
165762,10652
165762,42132
165762,33534
165762,57414
72900,1370
72900,30500
72900,56714
72900,61542
72900,11262
72900,48574
72900,34092
72900,44302
72900,33886
72900,1304
72900,60978
72900,57414
161787,1370
161787,1372
161787,1304
161787,63188
161787,57414
208347,1370
208347,30500
208347,56714
208347,11262
208347,35732
208347,50716
208347,1304
208347,10652
208500,56714
208500,61542
208500,11262
208500,35732
208500,48574
208500,50716
208500,33886
208500,1304
208500,35846
208500,63510
208500,57414
208575,30500
208575,61542
208575,11262
208575,48574
208575,50716
208575,33886
208575,1304
208575,57414
231414,1370
231414,11262
181860,1370
181860,30500
181860,56714
181860,11262
181860,50716
181860,39186
181860,1304
181860,57414
210690,1370
210690,30500
210690,56714
210690,61542
210690,11262
210690,48574
210690,50716
210690,33886
210690,1372
210690,1304
210690,60978
210690,63510
210690,57414
236655,61364
236655,1370
236655,61542
236655,11262
236655,35732
236655,48574
236655,50716
236655,39186
236655,33886
236655,1372
236655,1304
236655,60978
236655,10652
236655,61028
236655,63188
236655,63510
129204,30500
129204,61542
129204,11262
129204,50716
129204,1304
129204,57414
198279,1370
198279,30500
198279,56714
198279,61542
198279,11262
198279,35732
198279,48574
198279,50716
198279,39186
198279,44302
198279,1304
198279,60978
198279,10652
198279,63510
198279,57414
25743,1370
25743,30500
25743,56714
25743,61542
25743,11262
25743,48574
25743,16358
25743,44302
25743,33886
25743,1372
25743,1304
25743,60978
25743,35846
25743,63510
25743,57414
212442,1370
212442,30500
212442,56714
212442,61542
212442,11262
212442,35732
212442,48574
212442,33886
212442,1372
212442,1304
212442,60978
212442,63188
212442,63510
212442,57414
230091,1370
230091,30500
230091,56714
230091,54096
230091,11262
230091,35732
230091,39186
230091,44302
230091,1304
230091,60978
230091,10652
230091,57414
129153,30500
129153,56714
129153,61542
129153,11262
129153,50716
129153,1304
129153,35846
129153,63510
129153,57414
220011,1370
220011,56714
220011,61542
220011,11262
220011,48574
220011,1372
220011,59822
220011,1304
220011,57414
208518,11262
208518,35732
208518,48574
208518,50716
208518,33886
208518,61558
208518,1304
208518,10652
208518,63510
208518,50718
208518,56696
210846,30500
210846,56714
210846,61542
210846,11262
210846,48574
210846,44302
210846,1304
210846,10652
210846,57414
155097,61364
155097,1370
155097,30500
155097,56714
155097,61542
155097,11262
155097,35732
155097,48574
155097,50716
155097,16358
155097,50274
155097,1372
155097,1304
155097,35846
155097,10652
155097,63188
155097,57414
232068,1370
232068,30500
232068,56714
232068,11262
232068,35732
232068,48574
232068,50716
232068,44302
232068,33886
232068,1372
232068,1304
232068,10652
232068,57414
238377,30500
238377,56714
238377,61542
238377,11262
238377,48574
238377,33886
238377,1304
238377,60978
238377,33534
238377,62944
238377,63510
238377,57414
238377,59396
158685,1370
158685,30500
158685,48574
158685,50716
175809,1370
175809,11262
175809,48574
175809,1372
175809,1304
175809,57414
203310,1370
203310,30500
203310,56714
203310,61542
203310,11262
203310,35732
203310,48574
203310,33886
203310,1304
203310,60978
203310,63510
203310,57414
211533,1370
211533,30500
211533,56714
211533,54096
211533,11262
211533,35732
211533,48574
211533,50716
211533,39186
211533,16358
211533,44302
211533,124
211533,33886
211533,1372
211533,1304
211533,60978
211533,35846
211533,10652
211533,33534
211533,63510
211533,57414
238218,1370
238218,30500
238218,56714
238218,11262
238218,35732
238218,50716
238218,1304
203439,1370
203439,30500
203439,61672
203439,61542
203439,11262
203439,48574
203439,61552
203439,16358
203439,1304
203439,35846
203439,10652
203439,63510
203439,57414
128901,1370
128901,30500
128901,56714
128901,61542
128901,11262
128901,48574
128901,50716
128901,1304
128901,60978
128901,57414
164661,1370
164661,30500
164661,56714
164661,61542
164661,11262
164661,50716
164661,1304
164661,10652
230010,1370
230010,30500
230010,56714
230010,11262
230010,48574
230010,16358
230010,1372
230010,60978
230010,33534
230010,63188
230010,57414
202818,1370
202818,30500
202818,56714
202818,61542
202818,11262
202818,48574
202818,50716
202818,34092
202818,57804
202818,44302
202818,50274
202818,1372
202818,1304
202818,60978
202818,10652
202818,62944
202818,57414
202818,50718
223401,50716
228729,1370
228729,30500
228729,56714
228729,61542
228729,11262
228729,35732
228729,48574
228729,50716
228729,34092
228729,1372
228729,59822
228729,1304
228729,60978
228729,10652
228729,63510
228729,57414
228729,50718
208491,1370
208491,30500
208491,56714
208491,61542
208491,11262
208491,35732
208491,48574
208491,39186
208491,33886
208491,1372
208491,1304
208491,60978
208491,35846
208491,57414
208491,63538
207264,36720
207264,39186
207264,57804
207264,10808
207264,61028
208761,30500
208761,54096
208761,11262
208761,35732
208761,34092
208761,33886
208761,1304
208761,60978
208761,63510
240939,30500
240939,56714
240939,61542
240939,11262
240939,48574
240939,50716
240939,44302
240939,33886
240939,1304
240939,60978
240939,63510
240939,57414
164457,61364
164457,1370
164457,30500
164457,56714
164457,61542
164457,50270
164457,54096
164457,11262
164457,48574
164457,39186
164457,44302
164457,1372
164457,1304
164457,60978
164457,10652
164457,63188
164457,63510
164457,57414
164457,59396
164457,62170
208503,30500
208503,11262
208503,33886
208503,60978
208503,63510
208503,50718
212448,30500
212448,56714
212448,11262
212448,39186
212448,44302
212448,33886
212448,1372
212448,1304
212448,60978
212448,63510
212448,57414
211407,1370
211407,30500
211407,56714
211407,61542
211407,11262
211407,33886
211407,1304
64272,61364
64272,1370
64272,61542
64272,11262
64272,1372
64272,1304
64272,49888
64272,62944
67335,1372
67335,1304
67335,57414
206811,30500
206811,56714
206811,11262
206811,50716
206811,1304
206811,50718
241203,56714
241203,61542
241203,11262
241203,1372
241203,1304
129264,1370
129264,11262
129264,61552
129264,16358
129264,1304
129264,35846
129264,33534
129264,57414
129264,50718
157500,1370
157500,30500
157500,56714
157500,11262
157500,35732
157500,48574
157500,50716
157500,39186
157500,44302
157500,33886
157500,1372
157500,1304
157500,60978
157500,10652
157500,63188
157500,63510
157500,57414
192144,1370
192144,11262
192144,33886
192144,35846
192144,57414
203724,1370
203724,30500
203724,56714
203724,61542
203724,50270
203724,54096
203724,11262
203724,48574
203724,44302
203724,33886
203724,1372
203724,1304
203724,60978
203724,10652
203724,57414
203724,59396
209796,1370
209796,30500
209796,54096
209796,11262
209796,50716
209796,39186
209796,34092
209796,44302
209796,10808
209796,1372
209796,10652
209796,63188
209796,62944
209796,63510
209796,57414
238608,1370
238608,30500
238608,56714
238608,61542
238608,11262
238608,35732
238608,48574
238608,50716
238608,1304
238608,60978
238608,50720
238608,57414
208482,30500
208482,56714
208482,61542
208482,11262
208482,35732
208482,61552
208482,50716
208482,33886
208482,1304
208482,60978
208482,35846
208482,57414
189012,1370
189012,56714
189012,61542
189012,11262
189012,35732
189012,33886
189012,1372
189012,1304
189012,63188
189012,57414
140277,1370
140277,11262
140277,16358
140277,33886
140277,1304
208821,1370
208821,61542
208821,11262
208821,35732
208821,48574
208821,50716
208821,33886
208821,1304
208821,49888
208821,60978
208821,63510
208821,57414
236775,1370
236775,30500
236775,56714
236775,11262
236775,50716
236775,44302
236775,60978
236775,10652
236775,63510
236775,57414
212571,1370
212571,30500
212571,11262
212571,35732
212571,50716
212571,16358
212571,60978
212571,10652
225654,1370
225654,56714
225654,61542
225654,11262
225654,1304
225654,50720
153141,30500
153141,61542
153141,11262
153141,1304
153141,10652
183921,1370
183921,61542
183921,11262
183921,1372
183921,1304
212688,54096
212688,35732
212688,39186
212688,33534
208485,1370
208485,30500
208485,56714
208485,61542
208485,11262
208485,35732
208485,48574
208485,44302
208485,33886
208485,1372
208485,1304
208485,60978
208485,57414
225672,1370
225672,30500
225672,56714
225672,11262
225672,48574
225672,50716
225672,35846
225672,10652
225672,57414
203301,56714
203301,11262
203301,48574
203301,50716
203301,33886
203301,59822
203301,1304
203301,63510
203301,57414
208545,30500
208545,56714
208545,61542
208545,11262
208545,35732
208545,48574
208545,1304
208545,60978
208545,50718
212337,30500
212337,56714
212337,61542
212337,11262
212337,50716
212337,33886
212337,1372
212337,1304
212337,60978
207390,30500
207390,61542
207390,11262
207390,35732
207390,50716
207390,33886
207390,50274
207390,1372
207390,1304
207390,60978
207390,35846
198522,11262
198522,1304
194208,1370
194208,56714
194208,61542
194208,11262
194208,50716
194208,33886
194208,1304
203517,1370
203517,30500
203517,61542
203517,54096
203517,11262
203517,1304
203517,60978
203517,35846
203517,10652
203517,42132
229620,30500
229620,61542
229620,54096
229620,11262
229620,35732
229620,48574
229620,50716
229620,1304
229620,60978
229620,63510
229620,57414
242442,1370
242442,30500
242442,56714
242442,61542
242442,50270
242442,54096
242442,11262
242442,35732
242442,39186
242442,44302
242442,33886
242442,1372
242442,1304
242442,10652
242442,63188
242442,63510
242442,57414
242442,59396
246627,1370
246627,30500
246627,56714
246627,54096
246627,11262
246627,50716
246627,34092
246627,44302
246627,33886
246627,1372
246627,1304
246627,63188
246627,62944
246627,63510
246627,57414
206364,61364
206364,1370
206364,30500
206364,56714
206364,61542
206364,50270
206364,11262
206364,48574
206364,39186
206364,57804
206364,44302
206364,33886
206364,50274
206364,60
206364,1372
206364,1304
206364,60978
206364,51316
206364,63188
206364,63510
206364,57414
206364,59396
211947,11262
211947,50716
211947,39186
211947,1304
211947,57414
242232,30500
242232,56714
242232,61542
242232,54096
242232,11262
242232,35732
242232,48574
242232,39186
242232,44302
242232,33886
242232,1372
242232,1304
242232,35846
242232,10652
242232,63188
242232,62944
242232,63510
242232,57414
242232,63186
242232,50718
251253,1370
251253,11262
251253,33886
251253,1304
251253,63510
251643,1370
251643,30500
251643,56714
251643,11262
251643,35732
251643,50716
251643,16358
251643,1304
251643,10652
251643,63510
251643,57414
252375,30500
252375,56714
252375,11262
252375,1304
252375,49888
252375,63510
252375,57414
203142,1370
203142,30500
203142,56714
203142,11262
203142,48574
203142,50716
203142,1304
203142,60978
203142,57414
211473,61364
211473,1370
211473,30500
211473,56714
211473,61542
211473,11262
211473,35732
211473,48574
211473,39186
211473,44302
211473,1372
211473,1304
211473,60978
211473,10652
211473,63188
211473,63510
211473,57414
213885,30500
213885,56714
213885,50270
213885,54096
213885,11262
213885,35732
213885,39186
213885,34092
213885,57804
213885,44302
213885,50274
213885,54290
213885,50272
213885,60978
213885,10652
213885,63510
213885,59396
213885,48980
248013,1370
248013,30500
248013,50716
248013,1304
248013,62944
248013,63510
248013,57414
139272,30500
139272,56714
139272,61542
139272,11262
139272,35732
139272,39186
139272,44302
139272,33886
139272,1372
139272,1304
139272,60978
139272,10652
139272,63510
162984,1370
162984,30500
162984,11262
162984,48574
162984,33886
162984,1372
162984,35846
162984,57414
191556,1370
191556,11262
191556,35732
191556,48574
191556,50716
191556,1372
191556,63188
191556,57414
203106,61542
203106,11262
203106,48574
203106,50716
203106,44302
203106,33886
203106,1304
203106,60978
203106,35846
203106,63510
203106,57414
206304,61364
206304,1370
206304,11262
206304,48574
206304,50716
206304,1372
206304,1304
206304,63188
206304,63510
206304,57414
206952,30500
206952,54096
206952,11262
206952,35732
206952,36720
206952,39186
206952,57804
206952,44302
206952,124
206952,33886
206952,1372
206952,54290
206952,50272
206952,1304
206952,10652
206952,42132
206952,51974
206952,63188
206952,59396
206952,36762
223530,11262
241026,56714
241026,11262
241026,50716
241026,33886
241026,1304
242619,1370
242619,56714
242619,11262
242619,50716
242619,33886
242619,10652
242619,57414
246054,1370
246054,56714
246054,11262
246054,50716
246054,33886
246054,10652
204276,1370
204276,11262
204276,33886
204276,1304
206748,61364
206748,30500
206748,56714
206748,61542
206748,50270
206748,54096
206748,11262
206748,35732
206748,48574
206748,36720
206748,39186
206748,34092
206748,57804
206748,44302
206748,124
206748,33886
206748,50274
206748,1372
206748,50272
206748,1304
206748,60978
206748,35846
206748,10652
206748,42132
206748,50720
206748,63188
206748,62944
206748,63510
206748,57414
206748,59396
206748,63186
229473,1370
229473,30500
229473,61542
229473,11262
229473,35732
229473,50716
229473,39186
229473,1304
229473,49888
229473,60978
229473,63510
229473,57414
233091,1370
233091,56714
233091,61542
233091,11262
233091,35732
233091,48574
233091,50716
233091,33886
233091,1372
233091,1304
233091,63188
233091,63510
233091,57414
244278,1370
244278,30500
244278,56714
244278,11262
244278,35732
244278,34092
244278,44302
244278,61558
244278,1304
244278,49888
244278,10652
244278,63188
244278,63510
244278,57414
197802,30500
197802,56714
197802,11262
197802,35732
197802,50716
197802,57804
197802,44302
197802,33886
197802,50274
197802,60978
197802,10652
197802,63510
206412,1370
206412,30500
206412,56714
206412,61542
206412,11262
206412,35732
206412,61552
206412,33886
206412,1304
206412,33534
206412,50718
209976,1370
209976,30500
209976,56714
209976,61542
209976,11262
209976,35732
209976,48574
209976,50716
209976,44302
209976,1304
209976,49888
209976,60978
209976,10652
209976,63510
209976,57414
209976,56696
223071,1370
223071,56714
223071,11262
223071,48574
223071,50716
223071,57414
223071,50718
237804,61364
237804,1370
237804,30500
237804,56714
237804,11262
237804,50716
237804,34092
237804,44302
237804,33886
237804,61558
237804,1372
237804,59822
237804,1304
237804,10652
237804,63188
237804,57414
237804,62860
247632,1370
247632,30500
247632,54096
247632,11262
247632,35732
247632,50716
247632,39186
247632,1372
247632,49888
247632,10652
247632,63188
247632,63510
247632,57414
247632,50718
247989,1370
247989,30500
247989,56714
247989,11262
247989,35732
247989,50716
247989,39186
247989,3382
247989,1304
247989,49888
247989,35846
247989,10652
247989,57414
248061,1370
248061,30500
248061,11262
248061,35732
248061,50716
248061,39186
248061,1304
248061,10652
248061,63510
248061,57414
251106,1370
251106,30500
251106,56714
251106,11262
251106,50716
251106,63510
229521,1370
229521,30500
229521,56714
229521,61542
229521,50270
229521,54096
229521,11262
229521,35732
229521,48574
229521,39186
229521,44302
229521,50274
229521,1304
229521,60978
229521,46632
229521,10652
229521,63188
229521,62944
229521,63510
229521,57414
229521,59396
245706,1370
250947,1370
250947,30500
250947,56714
250947,11262
250947,1304
250947,63510
250947,57414
162957,1370
162957,56714
162957,61542
162957,11262
162957,35732
162957,50716
162957,16358
162957,33886
162957,1304
162957,35846
176472,61364
176472,1370
176472,30500
176472,56714
176472,61542
176472,11262
176472,35732
176472,48574
176472,61552
176472,39186
176472,1372
176472,1304
176472,35846
176472,10652
176472,61028
176472,63188
176472,63510
176472,57414
243927,1370
243927,30500
243927,56714
243927,61542
243927,54096
243927,11262
243927,35732
243927,39186
243927,44302
243927,33886
243927,1372
243927,1304
243927,49888
243927,10652
243927,63188
243927,63510
243927,57414
187224,1370
187224,30500
187224,56714
187224,61542
187224,11262
187224,35732
187224,48574
187224,50716
187224,44302
187224,1304
187224,60978
187224,10652
187224,63510
187224,57414
210813,1370
210813,30500
210813,56714
210813,11262
210813,39186
210813,1372
210813,1304
233970,1370
233970,30500
233970,56714
233970,61542
233970,11262
233970,35732
233970,48574
233970,50716
233970,39186
233970,33886
233970,1304
233970,60978
233970,10652
233970,63510
248292,1370
248292,30500
248292,56714
248292,11262
248292,50716
248292,39186
248292,33886
248292,1372
248292,57414
248373,30500
248373,11262
248373,50716
248373,1304
248373,63510
249567,1370
249567,56714
249567,11262
249567,50716
249567,1304
249567,57414
203058,1370
203058,30500
203058,56714
203058,61672
203058,61542
203058,11262
203058,35732
203058,48574
203058,61552
203058,39186
203058,34092
203058,44302
203058,33886
203058,61558
203058,1304
203058,49888
203058,60978
203058,35846
203058,10652
203058,62944
203058,63510
203058,57414
177474,1370
177474,30500
177474,56714
177474,11262
177474,48574
177474,1372
177474,1304
177474,63188
177474,57414
184488,1370
184488,61542
184488,11262
184488,1304
184488,62944
207144,1370
207144,56714
207144,61542
207144,11262
207144,48574
207144,33886
207144,1304
207144,57414
249216,1370
249216,11262
249216,50716
249216,39186
249216,33886
249216,1304
249216,49888
249216,63510
249216,57414
252480,1370
252480,30500
252480,11262
252480,50716
252480,57414
191451,1370
191451,30500
191451,11262
191451,48574
191451,50716
191451,1304
191451,60978
206637,1370
206637,30500
206637,56714
206637,61542
206637,54096
206637,11262
206637,35732
206637,48574
206637,50716
206637,34092
206637,44302
206637,33886
206637,1372
206637,1304
206637,10652
206637,63510
206637,57414
206637,50718
206637,48980
206637,62860
222306,1370
222306,30500
222306,56714
222306,61542
222306,11262
222306,48574
222306,44302
222306,1304
222306,60978
222306,10652
222306,63510
222306,57414
231057,1370
231057,30500
231057,56714
231057,61542
231057,50270
231057,54096
231057,11262
231057,48574
231057,39186
231057,44302
231057,33886
231057,1372
231057,1304
231057,60978
231057,62944
231057,57414
244158,1370
244158,56714
244158,11262
244158,48574
244158,50716
244158,34092
244158,1304
244158,49888
244158,57414
207087,56714
207087,39186
207087,33886
207087,50274
207087,60
207087,50272
207087,51316
207087,59394
207087,62274
207240,1370
207240,11262
207240,16358
207240,1304
208899,1370
208899,56714
208899,11262
208899,35732
208899,33886
208899,1304
222159,1370
222159,11262
222159,33886
222159,1304
222159,49888
222159,50718
246099,1370
246099,30500
246099,56714
246099,11262
246099,50716
246099,39186
246099,33886
246099,63510
246099,57414
249579,1304
183387,61364
183387,1370
183387,30500
183387,56714
183387,61542
183387,54096
183387,11262
183387,35732
183387,48574
183387,39186
183387,44302
183387,50274
183387,1372
183387,1304
183387,10652
183387,63188
183387,63510
183387,57414
210954,61364
210954,1370
210954,30500
210954,56714
210954,61542
210954,11262
210954,35732
210954,48574
210954,39186
210954,44302
210954,50274
210954,61558
210954,1372
210954,1304
210954,10652
210954,57414
250434,1370
250434,30500
250434,56714
250434,11262
250434,50716
250434,44302
250434,33886
250434,1304
250434,63188
250434,62944
250434,63510
250434,57414
252696,1370
252696,56714
252696,11262
241305,1370
241305,30500
241305,56714
241305,61672
241305,61542
241305,11262
241305,48574
241305,44302
241305,33886
241305,50274
241305,1372
241305,1304
241305,10652
241305,62944
241305,63510
241305,57414
249633,1370
249633,30500
249633,56714
249633,11262
249633,35732
249633,50716
249633,16358
249633,33886
249633,1304
249633,35846
249633,10652
249633,33534
249633,63510
249633,57414
250275,56714
250275,11262
250275,33886
250275,1304
250275,35846
250275,33534
250275,63188
250275,62944
250275,57414
66924,1370
66924,61542
66924,11262
66924,1304
66924,57414
211386,1370
211386,30500
211386,56714
211386,11262
211386,48574
211386,16358
211386,63510
211386,57414
216495,1370
216495,11262
216495,1304
246804,1370
246804,11262
246804,1304
246804,57414
191247,61364
191247,1370
191247,30500
191247,56714
191247,61542
191247,11262
191247,35732
191247,48574
191247,61552
191247,39186
191247,16358
191247,44302
191247,1372
191247,1304
191247,60978
191247,35846
191247,10652
191247,42132
191247,33534
191247,63188
191247,62944
191247,63510
191247,57414
222516,1304
223782,1370
223782,56714
223782,61542
223782,11262
223782,48574
223782,50716
223782,1304
223782,63510
223782,57414
157185,1370
157185,30500
157185,56714
157185,61542
157185,11262
157185,50716
157185,1304
157185,57414
163101,61364
163101,1370
163101,30500
163101,56714
163101,61542
163101,54096
163101,11262
163101,35732
163101,48574
163101,39186
163101,34092
163101,44302
163101,33886
163101,1372
163101,1304
163101,60978
163101,10652
163101,63188
163101,62944
163101,63510
163101,57414
163101,62376
248178,1370
248178,56714
248178,11262
248178,1304
249930,1370
249930,56714
249930,11262
249930,35732
249930,50716
249930,33886
249930,1304
249930,63188
249930,62944
249930,63510
249930,57414
213102,1370
213102,30500
213102,56714
213102,61542
213102,11262
213102,35732
213102,48574
213102,39186
213102,44302
213102,1372
213102,1304
213102,60978
213102,10652
213102,63188
213102,63510
213102,57414
221331,1370
221331,30500
221331,56714
221331,50270
221331,54096
221331,11262
221331,35732
221331,48574
221331,39186
221331,44302
221331,50274
221331,3382
221331,1372
221331,1304
221331,60978
221331,10652
221331,63510
221331,57414
173613,1370
173613,1372
187263,1370
187263,11262
187263,10652
197835,61364
197835,1370
197835,30500
197835,56714
197835,61672
197835,54096
197835,11262
197835,48574
197835,39186
197835,10808
197835,1372
197835,1304
197835,60978
197835,61028
197835,63188
197835,63510
197835,57414
197835,62400
208479,61542
208479,11262
208479,1304
96138,1370
96138,61542
96138,11262
96138,35732
96138,48574
96138,1304
96138,57414
206673,30500
206673,61542
206673,11262
206673,48574
206673,39186
206673,44302
206673,33886
206673,1372
206673,1304
206673,60978
206673,62944
206673,63510
206673,57414
206673,48980
227292,1370
227292,30500
227292,56714
227292,11262
227292,35732
227292,48574
227292,39186
227292,34092
227292,44302
227292,1372
227292,1304
227292,60978
227292,10652
227292,63510
227292,57414
251829,11262
251829,1304
59700,1370
59700,30500
59700,56714
59700,11262
59700,48574
59700,50716
59700,44302
59700,1304
59700,60978
59700,35846
59700,42132
59700,62944
59700,57414
206979,1370
206979,30500
206979,56714
206979,61542
206979,11262
206979,48574
206979,39186
206979,44302
206979,33886
206979,1372
206979,1304
206979,60978
206979,35846
206979,10652
206979,63510
206979,57414
249207,1370
249207,11262
249207,10652
204480,1370
204480,61542
204480,1304
206856,61542
206856,11262
206856,48574
206856,61552
206856,33886
206856,1304
206856,35846
206856,57414
247983,30500
247983,56714
247983,54096
247983,11262
247983,39186
247983,44302
247983,1304
247983,57414
232029,61364
232029,1370
232029,30500
232029,56714
232029,11262
232029,35732
232029,48574
232029,1372
232029,63188
232029,57414
200259,1370
200259,61542
200259,11262
200259,1304
167676,1370
167676,11262
167676,50716
167676,33886
167676,1304
167676,10652
186327,1370
186327,30500
186327,61542
186327,11262
186327,1372
186327,1304
186327,10652
206958,1370
206958,56714
206958,61542
206958,11262
206958,48574
206958,50716
206958,33886
206958,1304
206958,57414
247956,1370
247956,30500
247956,56714
247956,11262
247956,35732
247956,50716
247956,1372
247956,35846
247956,10652
247956,63188
247956,57414
183666,1370
183666,30500
183666,61542
183666,11262
183666,35732
183666,50716
183666,39186
183666,33886
183666,1304
183666,60978
206928,56714
206928,61542
206928,11262
206928,33886
206928,59816
206928,1304
206928,42132
206928,63186
165183,1370
165183,56714
206355,1370
206355,61542
206355,11262
206355,1304
173796,1370
173796,11262
173796,34092
173796,1304
173796,57414
231876,1370
231876,56714
231876,11262
231876,50716
231876,39186
231876,16358
231876,44302
231876,33886
231876,1304
231876,60978
231876,63510
72117,1370
72117,30500
72117,56714
72117,11262
72117,48574
72117,1372
72117,60978
72117,63188
72117,57414
203145,1370
203145,56714
203145,61542
203145,11262
203145,35732
203145,48574
203145,50716
203145,34092
203145,33886
203145,1304
203145,60978
203145,10652
203145,63510
203145,57414
210843,1370
210843,11262
210843,1304
210843,33534
236766,61364
236766,1370
236766,56714
236766,61542
236766,11262
236766,35732
236766,50716
236766,16358
236766,1372
236766,1304
203646,1370
203646,30500
203646,56714
203646,11262
203646,60978
203646,63510
211638,30500
211638,61542
211638,11262
211638,1304
211638,33534
161208,1370
161208,30500
161208,56714
161208,61542
161208,11262
161208,50716
161208,33886
161208,1304
161208,49888
244041,1370
244041,30500
244041,56714
244041,61542
244041,11262
244041,50716
244041,39186
244041,34092
244041,1304
244041,10652
244041,57414
194409,1370
194409,30500
194409,54096
194409,11262
194409,50716
194409,39186
194409,33886
194409,35846
194409,10652
194409,63510
248301,1370
248301,30500
248301,56714
248301,11262
248301,50716
248301,34092
248301,1304
248301,57414
231144,30500
231144,56714
231144,61672
231144,11262
231144,34092
231144,44302
231144,49888
231144,60978
231144,10652
231144,63510
67764,1370
67764,11262
67764,35732
67764,1304
212745,1370
212745,61542
212745,11262
212745,16358
212745,1304
212745,61560
206868,1370
206868,30500
206868,56714
206868,61542
206868,11262
206868,48574
206868,50716
206868,33886
206868,1372
206868,1304
206868,60978
206868,35846
206868,10652
206868,42132
206868,63188
206868,57414
67314,1370
67314,56714
67314,11262
155271,1370
155271,1304
206784,30500
206784,61542
206784,11262
206784,33886
206784,1372
206784,1304
206784,35846
206784,63188
208758,1370
208758,30500
208758,56714
208758,11262
208758,50716
208758,16358
208758,44302
208758,33886
208758,1304
208758,60978
208758,63510
209154,1370
209154,11262
209154,1304
208488,1370
208488,30500
208488,56714
208488,61542
208488,11262
208488,48574
208488,50716
208488,34092
208488,44302
208488,33886
208488,1372
208488,1304
208488,60978
208488,35846
208488,10652
208488,63510
208488,57414
72561,1370
72561,30500
72561,61542
72561,11262
72561,35732
72561,50716
72561,39186
72561,33886
72561,1304
72561,57414
187221,56714
187221,61542
187221,33886
187221,1304
252066,11262
252066,63510
66918,1370
66918,61542
66918,1304
174279,1370
174279,11262
174279,50716
174279,39186
174279,33886
174279,1304
174279,60978
174279,10652
237252,1370
237252,56714
237252,61542
237252,11262
237252,35732
237252,48574
237252,50716
237252,33886
237252,1304
237252,10652
237252,57414
237252,50718
229263,1370
229263,11262
229263,62376
237057,1370
237057,11262
237057,1372
225972,1370
225972,16358
249342,1370
249342,30500
249342,56714
249342,54096
249342,11262
249342,35732
249342,50716
249342,39186
249342,16358
249342,44302
249342,33886
249342,50274
249342,10808
249342,1304
249342,35846
249342,10652
249342,63188
249342,62944
249342,63510
249342,57414
249342,59396
249342,63186
227238,1370
227238,11262
227238,10652
227238,57414
228438,1370
228438,30500
228438,11262
228438,35732
228438,48574
228438,1304
228438,49888
249486,1370
249486,56714
249486,11262
249486,50716
249486,33886
249486,1304
242415,1370
242415,11262
242415,35732
250668,1370
250668,11262
187386,56714
187386,35732
187386,36720
187386,57804
187386,50274
187386,1304
187386,36722
187386,36762
165045,1370
165045,30500
165045,56714
165045,61542
165045,11262
165045,35732
165045,48574
165045,39186
165045,44302
165045,124
165045,1372
165045,59816
165045,1304
165045,60978
165045,35846
165045,10652
165045,42132
165045,63188
165045,63510
165045,57414
225390,1370
225390,11262
225390,35732
225390,1304
225390,60978
225390,35846
225390,10652
206988,61364
206988,30500
206988,56714
206988,11262
206988,48574
206988,50716
206988,39186
206988,1372
206988,59822
206988,1304
206988,60978
206988,35846
206988,42132
206988,63188
206988,57414
244680,1370
244680,30500
244680,56714
244680,54096
244680,11262
244680,35732
244680,48574
244680,39186
244680,16358
244680,44302
244680,33886
244680,1372
244680,1304
244680,35846
244680,10652
244680,63188
244680,63510
244680,57414
183468,61364
183468,1370
183468,30500
183468,56714
183468,61542
183468,54096
183468,11262
183468,50716
183468,1372
183468,1304
183468,63188
183468,63510
208206,1370
208206,11262
208206,33886
208206,1304
222204,1370
222204,30500
222204,56714
222204,11262
222204,48574
222204,39186
222204,33886
222204,1372
222204,59822
222204,1304
222204,60978
222204,10652
222204,61028
222204,63188
222204,57414
222204,50718
179700,1370
179700,30500
179700,11262
179700,33886
179700,1372
179700,1304
179700,57414
210045,1370
210045,11262
210045,1304
157767,1370
157767,30500
157767,56714
157767,61542
157767,11262
157767,35732
157767,48574
157767,44302
157767,1304
157767,60978
157767,10652
157767,63510
157767,57414
171702,1370
171702,30500
171702,61542
171702,54096
171702,11262
171702,35732
171702,48574
171702,50716
171702,39186
171702,1372
171702,1304
171702,10652
171702,57414
171702,63418
181662,1370
181662,11262
181662,35732
181662,48574
181662,61552
181662,50716
181662,39186
181662,33886
181662,1372
181662,1304
181662,60978
181662,35846
181662,10652
181662,63510
181662,57414
203451,1370
203451,16358
205191,1370
205191,30500
205191,56714
205191,11262
205191,48574
205191,39186
205191,44302
205191,1372
205191,1304
205191,60978
205191,10652
205191,57414
229737,1370
229737,61672
229737,11262
229737,16358
229737,1304
229737,35846
229737,10652
232656,1370
232656,56714
232656,61542
232656,11262
232656,48574
232656,50716
232656,1304
232656,63188
232656,57414
203184,1370
203184,11262
203184,35846
203184,10652
203184,50718
233163,11262
233163,33886
233163,60978
203280,1370
203280,10652
156063,1370
156063,30500
156063,56714
156063,61542
156063,11262
156063,10808
156063,1304
156063,35846
165132,1370
165132,30500
165132,61542
165132,11262
165132,50716
165132,1304
195771,1370
195771,61542
195771,11262
195771,35732
195771,48574
195771,50716
195771,44302
195771,33886
195771,1372
195771,1304
195771,60978
195771,10652
195771,63510
195771,57414
177672,61364
177672,1370
177672,30500
177672,56714
177672,11262
177672,35732
177672,48574
177672,33886
177672,50274
177672,1372
177672,1304
177672,60978
177672,63510
177672,57414
207588,1370
207588,1304
207588,60978
210000,1370
210000,11262
210000,1372
210000,63188
164631,1370
164631,11262
164631,35732
221610,1370
221610,56714
221610,61542
221610,11262
221610,35732
221610,48574
221610,50716
221610,16358
221610,44302
221610,50274
221610,1372
221610,1304
221610,60978
221610,57414
203811,1370
203811,11262
203811,59822
203811,1304
203811,33534
203811,57414
206634,11262
206634,48574
206634,1304
206634,57414
212592,1370
212592,30500
212592,11262
212592,50716
212592,33886
212592,1304
212592,60978
212592,57414
231225,61364
231225,1370
231225,30500
231225,56714
231225,11262
231225,48574
231225,1372
231225,60978
231225,63188
231225,57414
64365,1370
64365,30500
64365,56714
64365,61542
64365,11262
64365,48574
64365,50274
64365,1304
154998,30500
154998,11262
154998,35732
154998,33886
154998,1372
231708,1370
231708,30500
231708,56714
231708,61542
231708,11262
231708,35732
231708,50716
231708,57414
193911,11262
193911,1372
193911,1304
166356,61542
166356,11262
166356,50716
166356,33886
166356,1304
166356,35846
166356,63510
217620,61364
217620,1370
217620,61542
217620,11262
217620,48574
217620,50716
217620,1372
217620,1304
217620,63188
217620,57414
225396,1370
225396,11262
225396,10652
245154,1370
245154,30500
245154,56714
245154,11262
245154,50716
245154,44302
245154,1304
245154,10652
245154,57414
245154,56696
188853,1370
188853,56714
188853,61542
188853,11262
188853,35732
188853,1304
208554,1370
208554,30500
208554,56714
208554,61542
208554,11262
208554,33886
208554,1304
208554,60978
208554,63510
221409,61364
221409,56714
221409,48574
221409,33886
221409,1372
221409,1304
221409,63188
228687,1370
228687,56714
228687,11262
228687,50716
228687,60978
228687,63510
244644,11262
64959,1370
64959,11262
64959,50716
64959,1304
64959,63510
195249,1370
195249,30500
195249,61542
195249,11262
195249,33886
195249,1304
195249,10652
203271,1370
203271,11262
203271,16358
203271,33534
218673,1370
218673,30500
218673,56714
218673,61542
218673,11262
218673,35732
218673,39186
218673,1304
218673,57414
238032,1370
238032,30500
238032,56714
238032,11262
238032,35732
238032,39186
238032,33886
238032,3382
238032,60978
238032,10652
238032,63510
238032,57414
60870,1370
60870,30500
60870,11262
60870,124
60870,33886
60870,10652
163044,1370
163044,30500
163044,35732
203277,33886
203277,42132
209073,1370
209073,30500
209073,56714
209073,61542
209073,11262
209073,35732
209073,48574
209073,50716
209073,39186
209073,33886
209073,1304
209073,60978
209073,10652
209073,63510
184710,1370
184710,30500
184710,61542
184710,11262
184710,61552
184710,1304
184710,35846
203733,1370
203733,61542
203733,54096
203733,11262
203733,50716
203733,44302
203733,33886
203733,1304
203733,10652
203733,57414
203733,56696
205665,61542
205665,11262
205665,48574
205665,50716
205665,33886
205665,1304
205665,63510
205665,57414
230073,1370
230073,30500
230073,56714
230073,61542
230073,11262
230073,44302
230073,33886
230073,1372
230073,1304
230073,60978
230073,10652
230073,57414
77484,1370
77484,30500
77484,56714
77484,61542
77484,54096
77484,11262
77484,35732
77484,48574
77484,61552
77484,50716
77484,39186
77484,44302
77484,33886
77484,50274
77484,61558
77484,1372
77484,1304
77484,60978
77484,35846
77484,10652
77484,61028
77484,63188
77484,62944
77484,63510
77484,57414
77484,56696
154803,61364
154803,1370
154803,61542
154803,11262
154803,35732
154803,1372
154803,1304
154803,63188
234555,30500
234555,56714
234555,11262
234555,50716
234555,33886
234555,49888
234555,60978
234555,63510
244287,1370
244287,30500
244287,56714
244287,11262
244287,35732
244287,50716
244287,39186
244287,44302
244287,33886
244287,1372
244287,1304
244287,10652
244287,63188
244287,62944
244287,63510
244287,57414
246870,11262
246870,1304
246870,35846
162603,1370
162603,30500
162603,56714
162603,61542
162603,11262
162603,35732
162603,48574
162603,50716
162603,44302
162603,1372
162603,1304
162603,62944
162603,57414
206421,1370
206421,11262
206421,50716
206421,33886
206421,1304
206421,49888
207330,1370
207330,56714
207330,11262
207330,61552
207330,50716
207330,39186
207330,16358
207330,1372
207330,1304
207330,35846
207330,33534
207330,63188
207330,57414
247974,1370
247974,30500
247974,11262
247974,35732
247974,50716
154956,61364
154956,1370
154956,30500
154956,61542
154956,11262
154956,35732
154956,48574
154956,39186
154956,33886
154956,1372
154956,1304
154956,60978
154956,42132
154956,63188
154956,57414
154956,63186
172719,1370
172719,30500
172719,56714
172719,11262
172719,50716
172719,44302
172719,1304
172719,63510
219456,61542
219456,11262
219456,1304
233040,1370
233040,11262
233040,1372
176319,61364
176319,1370
176319,30500
176319,56714
176319,61542
176319,48574
176319,39186
176319,1372
176319,1304
176319,49888
176319,60978
176319,10652
176319,63188
176319,63510
176319,57414
176319,62376
234864,1370
234864,30500
234864,56714
234864,11262
234864,48574
234864,50716
234864,39186
234864,44302
234864,33886
234864,62944
234864,57414
245631,1370
245631,30500
245631,56714
245631,11262
245631,39186
245631,33886
245631,1372
245631,1304
245631,63188
245631,63510
245631,57414
163482,11262
163482,50716
163482,49888
178938,1304
210933,60
226623,1370
226623,30500
226623,56714
226623,11262
226623,48574
226623,50716
226623,33886
226623,1304
226623,60978
226623,57414
72918,1370
72918,56714
72918,61672
72918,61542
72918,11262
72918,48574
72918,39186
72918,33886
72918,1372
72918,59822
72918,1304
72918,60978
72918,10652
72918,63188
72918,63510
72918,57414
72918,62376
203256,1370
203256,30500
203256,56714
203256,61672
203256,61542
203256,50270
203256,54096
203256,11262
203256,35732
203256,48574
203256,61552
203256,39186
203256,16358
203256,44302
203256,33886
203256,1372
203256,1304
203256,60978
203256,35846
203256,10652
203256,33534
203256,62944
203256,63510
203256,57414
203256,56696
248202,1370
248202,30500
248202,56714
248202,11262
248202,50716
248202,1304
248202,57414
200508,1370
200508,61542
200508,11262
200508,35732
200508,1372
200508,1304
207114,1370
207114,61542
207114,11262
207114,61552
207114,1304
207114,35846
162795,1370
162795,61542
162795,11262
162795,35732
162795,61552
162795,1304
162795,35846
165312,1370
165312,11262
165312,1304
186987,56714
186987,61542
186987,11262
186987,33886
186987,1304
177951,61542
177951,1372
177951,1304
248250,1370
248250,11262
248250,50716
248250,16358
248250,33886
248250,1304
248250,63510
66915,1370
66915,11262
230178,1370
230178,56714
230178,61542
230178,11262
230178,35732
230178,50716
230178,39186
230178,33886
230178,1372
230178,1304
230178,60978
230178,10652
230178,63188
230178,63510
230178,57414
237765,56714
237765,61542
237765,11262
237765,1304
237765,57414
242610,50270
242610,57804
242610,44302
242610,60
242610,10808
242610,59396
210825,1370
210825,10652
228315,1370
228315,56714
228315,11262
228315,34092
228315,1304
224931,1370
224931,30500
224931,56714
224931,11262
224931,35732
224931,1304
224931,63188
224931,57414
195723,1370
195723,30500
195723,56714
195723,61542
195723,11262
195723,35732
195723,48574
195723,50716
195723,44302
195723,1304
195723,60978
195723,10652
195723,63510
244878,30500
244878,56714
244878,11262
244878,50716
244878,33886
244878,1304
225480,1370
225480,61542
225480,11262
225480,1304
153072,1370
153072,11262
153072,1304
153072,60978
208515,11262
208515,50716
208515,33886
203241,1370
203241,30500
203241,11262
203241,48574
203241,50716
203241,57414
203736,1370
203736,61542
203736,11262
203736,33886
203736,1304
232614,1370
232614,56714
232614,11262
232614,34092
232614,33886
158274,1370
158274,30500
158274,56714
158274,11262
158274,50716
158274,1304
158274,10652
155388,1370
155388,30500
155388,11262
155388,35732
155388,48574
155388,50716
155388,33886
155388,1372
155388,1304
155388,10652
155388,57414
155388,50718
155388,56696
203247,1370
203247,10652
246339,50716
246339,33886
246339,1304
246339,57414
186078,61364
186078,1370
186078,61542
186078,11262
186078,35732
186078,48574
186078,50716
186078,39186
186078,33886
186078,1372
186078,1304
186078,10652
186078,63510
186078,57414
208584,61542
208584,11262
208584,61552
208584,1304
208584,35846
61305,1370
61305,11262
61305,35732
61305,50716
61305,33886
61305,1304
61305,57414
171372,61364
171372,1370
171372,11262
171372,39186
171372,33886
171372,1372
171372,10652
171372,63188
218061,1370
218061,61542
218061,11262
218061,48574
218061,1304
218061,10652
218061,57414
203274,1370
203274,11262
203274,1372
203274,1304
203274,10652
203274,63188
210795,1370
210795,1304
203532,30500
203532,56714
203532,61542
203532,11262
203532,50716
203532,44302
203532,33886
203532,1304
203532,62944
203532,63510
65577,50716
65577,1372
65577,50720
203574,30500
203574,56714
203574,61542
203574,11262
203574,48574
203574,1304
203574,60978
203574,63510
203574,57414
176577,1370
176577,56714
176577,61542
176577,11262
176577,48574
176577,1304
176577,57414
191238,1370
191238,30500
191238,56714
191238,11262
191238,48574
191238,50716
191238,1304
191238,10652
191238,63510
191238,57414
207597,1370
207597,56714
207597,11262
207597,33886
207597,1372
206448,56714
206448,61542
206448,11262
206448,50716
206448,33886
206448,1304
128763,1370
128763,30500
128763,56714
128763,11262
128763,48574
128763,44302
128763,1304
128763,49888
128763,62944
128763,57414
223089,56714
223089,36720
223089,57804
223089,50274
223089,60
223089,10808
223089,36762
187875,1370
187875,11262
187875,16358
187875,33886
187875,10652
183672,1370
183672,30500
183672,56714
183672,61542
183672,11262
183672,50716
183672,39186
183672,1304
183672,10652
183672,63510
157854,56714
157854,57804
157854,50274
157854,60
157854,1372
157854,63188
217752,1370
217752,30500
217752,61542
217752,54096
217752,11262
217752,48574
217752,50716
217752,1372
217752,1304
215457,56714
215457,61542
215457,48574
215457,61552
215457,1372
215457,1304
215457,35846
215457,42132
215457,57414
233814,30500
233814,11262
233814,44302
199860,30500
199860,56714
199860,61542
199860,11262
199860,48574
199860,44302
199860,33886
199860,1304
199860,60978
199860,10652
199860,33534
199860,63510
199860,57414
193965,30500
193965,56714
193965,54096
193965,11262
193965,35732
193965,10652
154506,1370
154506,11262
154506,48574
154506,1304
154506,60978
154506,63188
154506,57414
172035,61364
172035,1370
172035,30500
172035,56714
172035,61542
172035,11262
172035,35732
172035,48574
172035,50716
172035,39186
172035,33886
172035,3382
172035,61558
172035,1372
172035,1304
172035,49888
172035,35846
172035,57414
172035,50718
199854,1370
199854,30500
199854,56714
199854,61672
199854,61542
199854,11262
199854,35732
199854,48574
199854,50716
199854,39186
199854,16358
199854,44302
199854,1372
199854,1304
199854,49888
199854,35846
199854,10652
199854,63188
199854,63510
199854,57414
199854,50718
238827,1370
238827,56714
238827,61542
238827,54096
238827,11262
238827,35732
238827,50716
238827,39186
238827,44302
238827,33886
238827,1372
238827,1304
238827,49888
206415,1370
206415,56714
206415,61542
206415,11262
206415,48574
206415,50716
206415,39186
206415,33886
206415,1372
206415,1304
206415,60978
206415,63188
206415,57414
207105,1370
207105,56714
207105,61542
207105,11262
207105,48574
207105,50716
207105,33886
207105,1304
207105,57414
153813,11262
153813,10808
153813,42132
158610,11262
158610,35732
158610,44302
158610,33886
209094,61364
209094,30500
209094,10808
209094,1372
209094,63188
61935,1370
61935,16358
61935,1372
61935,63188
196311,1370
196311,56714
196311,61542
196311,11262
196311,33886
196311,1304
196311,42132
196311,63186
154476,1370
154476,61542
154476,11262
154476,35732
154476,48574
154476,50716
154476,59822
154476,1304
154476,57414
204654,1370
204654,30500
206937,30500
206937,11262
206937,48574
206937,39186
206937,44302
206937,33886
206937,1304
206937,60978
206937,63510
187743,1370
187743,30500
187743,56714
187743,11262
187743,50716
187743,1304
187743,60978
187743,63510
187743,57414
207096,30500
207096,56714
207096,61542
207096,11262
207096,48574
207096,50716
207096,39186
207096,33886
207096,1304
207096,57414
206823,1370
206823,30500
206823,56714
206823,61542
206823,11262
206823,35732
206823,50716
206823,1304
206823,35846
206823,57414
238572,1370
238572,56714
238572,61542
238572,11262
238572,35732
238572,33886
238572,1372
238572,1304
238572,35846
238572,63510
238572,50718
206478,11262
206478,44302
206478,60978
206478,10652
206478,62944
227616,61364
227616,1370
227616,30500
227616,61542
227616,11262
227616,48574
227616,61552
227616,50716
227616,33886
227616,1372
227616,1304
227616,35846
227616,63188
227616,57414
68568,1370
68568,11262
68568,50716
68568,1372
68568,60978
68568,63188
156486,1370
156486,30500
156486,56714
156486,11262
156486,48574
156486,50716
156486,1304
156486,35846
156486,10652
156486,63510
164970,61542
164970,11262
164970,35732
164970,1372
164970,1304
164970,63188
197799,1370
197799,30500
197799,11262
197799,50716
197799,1304
206625,1370
206625,30500
206625,61542
206625,11262
206625,35732
206625,48574
206625,50716
206625,39186
206625,1304
206625,57414
239508,1370
239508,30500
239508,11262
239508,35732
239508,50716
239508,1372
239508,35846
154770,1370
154770,30500
154770,56714
154770,61542
154770,11262
154770,48574
154770,1372
154770,1304
154770,63188
154770,63510
154770,57414
184713,1370
184713,30500
184713,56714
184713,11262
184713,35732
184713,48574
184713,61552
184713,50716
184713,39186
184713,16358
184713,61558
184713,1304
184713,60978
184713,35846
184713,10652
184713,57414
153150,1370
153150,30500
153150,56714
153150,11262
153150,48574
153150,50716
153150,39186
153150,1304
153150,57414
167451,1370
167451,61672
167451,61542
167451,11262
167451,35732
167451,39186
167451,61558
167451,1304
167451,10652
153402,1370
153402,11262
153402,48574
153402,1304
153402,57414
155031,61364
155031,11262
155031,35732
155031,39186
155031,1372
155031,63188
158766,30500
158766,11262
158766,50716
158766,33886
211413,1370
211413,30500
211413,56714
211413,61542
211413,11262
211413,48574
211413,50716
211413,39186
211413,1372
211413,1304
211413,63510
211413,57414
212640,1370
212640,30500
212640,56714
212640,61542
212640,11262
212640,50716
212640,44302
212640,33886
212640,1304
212640,60978
25734,1370
25734,30500
25734,56714
25734,11262
25734,33886
25734,60978
67371,1370
67371,61542
67371,11262
67371,35732
67371,50716
67371,1304
67371,35846
67371,63510
228024,1370
228024,30500
228024,56714
228024,11262
228024,50716
228024,33886
228024,61558
228024,1304
228024,10652
153642,1370
153642,1372
153642,1304
153642,57414
158658,1370
158658,30500
158658,56714
158658,11262
158658,35732
158658,48574
158658,1304
158658,57414
153645,1370
153645,30500
153645,11262
203670,1370
203670,11262
203670,1304
203670,10652
206475,56714
206475,36720
206475,57804
206475,50274
206475,60
206475,1372
206475,1304
206475,36722
206475,36762
222750,61364
222750,1370
222750,30500
222750,61542
222750,11262
222750,35732
222750,50716
222750,39186
222750,1372
222750,1304
191229,30500
191229,11262
191229,16358
191229,1304
240912,1370
240912,56714
240912,11262
240912,50716
207156,56714
207156,61542
207156,11262
207156,48574
207156,50716
207156,33886
207156,1304
207156,57414
187395,1370
187395,61542
187395,11262
187395,50716
187395,16358
187395,33886
187395,1372
187395,1304
187395,63510
153348,30500
153348,56714
153348,11262
186882,1370
186882,30500
186882,56714
186882,61542
186882,11262
186882,35732
186882,48574
186882,50716
186882,16358
186882,44302
186882,1304
186882,63510
186882,57414
186882,50718
178068,1370
178068,11262
178068,35732
178068,48574
178068,50716
178068,60978
178068,63510
178068,57414
210897,1370
210897,11262
210897,48574
210897,33886
210897,57414
228753,1370
228753,61542
228753,11262
228753,33886
228753,1304
65313,61364
65313,1370
65313,11262
65313,39186
65313,1372
65313,10652
65313,63188
188100,1370
188100,30500
188100,56714
188100,61542
188100,11262
188100,35732
188100,48574
188100,50716
188100,44302
188100,1304
188100,60978
188100,10652
188100,63188
188100,57414
202638,1370
202638,11262
222225,11262
222225,44302
153315,1370
153315,11262
153315,48574
153315,50716
153315,1304
153315,60978
153315,10652
153315,63510
153315,57414
179088,61542
179088,11262
179088,1372
179088,1304
210882,1370
210882,30500
210882,61542
210882,11262
210882,48574
210882,50716
210882,33886
210882,1372
210882,1304
210882,49888
210882,60978
210882,10652
210882,57414
153204,1370
153204,30500
153204,61542
153204,11262
153204,48574
153204,39186
153204,1372
153204,1304
153204,10652
153204,63188
153204,57414
174087,1370
174087,11262
211236,1370
211236,61542
211236,11262
211236,35732
211236,33886
211236,1372
211236,1304
221151,56714
221151,11262
221151,35732
221151,48574
221151,1304
63690,1370
63690,56714
63690,61542
63690,11262
63690,35732
63690,50716
63690,39186
63690,44302
63690,33886
63690,1304
63690,49888
63690,10652
63690,57414
157311,30500
157311,11262
157311,1372
153600,11262
153600,35732
153600,48574
153600,39186
153600,1372
153600,1304
153600,63188
153600,57414
215517,61542
215517,11262
215517,1304
204243,1370
204243,11262
204243,35732
204243,1304
204243,63510
204243,57414
165915,1370
165915,11262
165915,44302
165915,57414
205905,1370
205905,11262
205905,50716
205905,33886
205905,1304
205905,10652
205905,63510
205905,57414
205905,50718
153885,61364
153885,1370
153885,30500
153885,56714
153885,61542
153885,11262
153885,35732
153885,48574
153885,1372
153885,59822
153885,1304
153885,49888
153885,60978
153885,10652
153885,63188
153885,57414
153885,48980
62811,1370
62811,30500
62811,50716
62811,3382
62811,50718
181203,1370
181203,30500
181203,56714
181203,11262
181203,33886
181203,1304
181203,57414
181203,50718
191316,1370
191316,56714
191316,11262
191316,16358
191316,33886
191316,50274
191316,1304
223389,56714
223389,61542
223389,48574
223389,1372
223389,1304
223389,57414
178257,1370
178257,30500
178257,56714
178257,61542
178257,11262
178257,35732
178257,48574
178257,50716
178257,33886
178257,1372
178257,1304
178257,60978
178257,57414
216564,56714
216564,36720
216564,57804
216564,50274
216564,10808
56871,1370
56871,30500
56871,56714
56871,61542
56871,11262
56871,35732
56871,50716
56871,1372
56871,1304
56871,10652
206076,1370
206076,30500
206076,56714
206076,11262
206076,48574
206076,44302
206076,10652
206076,63510
206076,57414
207465,56714
207465,50270
207465,44302
207465,33886
207465,50274
246720,1370
246720,30500
246720,56714
246720,11262
246720,35732
246720,50716
246720,33886
246720,1304
246720,10652
246720,57414
187839,1370
187839,30500
187839,56714
187839,61542
187839,11262
187839,48574
187839,50716
187839,33886
187839,1304
187839,49888
187839,35846
183645,1370
183645,30500
183645,56714
183645,61542
183645,11262
183645,50716
183645,33886
183645,1372
183645,1304
183645,60978
183645,63188
183645,63510
210051,1370
210051,56714
210051,11262
210051,48574
210051,50716
210051,1304
210051,60978
210051,57414
241350,30500
241350,11262
241350,50716
241350,33886
241350,1304
220218,1370
220218,56714
220218,50270
220218,11262
220218,50716
220218,34092
220218,33886
220218,57414
220218,59396
210633,1370
210633,11262
210633,1304
210633,63510
67740,1370
67740,11262
67740,35732
207582,30500
207582,11262
244173,11262
244173,61558
244173,59822
244173,10652
244173,50718
244173,56696
64893,1370
64893,11262
64893,39186
64893,33886
64893,1304
64893,60978
238878,61364
238878,1370
238878,54096
238878,11262
238878,35732
238878,48574
238878,50716
238878,1372
238878,1304
238878,63188
238878,63510
238878,57414
155043,1370
155043,1372
161058,1370
161058,30500
161058,11262
161058,35732
161058,33886
161058,1304
161058,35846
235335,30500
235335,54096
235335,11262
235335,50716
235335,39186
235335,44302
235335,33886
235335,60978
235335,10652
235335,62944
235335,63510
235335,50718
209880,61364
209880,1370
209880,11262
209880,1372
209880,1304
209880,63188
209880,63510
209880,57414
205812,1370
205812,30500
205812,61542
205812,11262
205812,48574
205812,50716
205812,33886
205812,1372
205812,1304
205812,10652
205812,57414
65637,1370
65637,56714
65637,61542
65637,11262
65637,35732
65637,1372
65637,1304
186951,1370
186951,56714
186951,11262
186951,48574
186951,33886
186951,1304
186951,57414
172590,1370
172590,30500
172590,61542
172590,11262
172590,50716
172590,39186
172590,1372
172590,1304
172590,63510
65049,1370
65049,11262
65049,1372
153999,1370
153999,56714
153999,11262
153999,1304
237840,11262
237840,50716
183366,56714
183366,11262
183366,50716
183366,1304
65058,1370
65058,56714
65058,61542
65058,11262
65058,48574
65058,50716
65058,57414
240918,1370
240918,56714
240918,11262
179436,61542
179436,11262
179436,1372
179436,1304
179436,63188
196302,30500
196302,56714
196302,61542
196302,11262
196302,35732
196302,48574
196302,50716
196302,39186
196302,1372
196302,1304
196302,60978
196302,61028
196302,63188
196302,57414
200964,1370
200964,30500
200964,56714
200964,50270
200964,54096
200964,11262
200964,35732
200964,39186
200964,34092
200964,44302
200964,124
200964,33886
200964,50274
200964,1304
200964,49888
200964,60978
200964,10652
200964,62944
200964,63510
200964,57414
200964,59396
210615,1370
210615,30500
210615,54096
210615,11262
210615,35732
210615,36720
210615,39186
210615,57804
210615,16358
210615,44302
210615,124
210615,33886
210615,50274
210615,3382
210615,1372
210615,54290
210615,50272
210615,1304
210615,10652
210615,36722
210615,36762
64353,61364
64353,1370
64353,61542
64353,11262
64353,48574
64353,50716
64353,33886
64353,1372
64353,1304
64353,10652
64353,57414
203064,11262
224787,30500
224787,56714
224787,11262
224787,48574
224787,50716
224787,1304
224787,60978
229536,30500
229536,11262
240990,1370
240990,56714
240990,61542
240990,11262
240990,48574
240990,16358
240990,44302
240990,33886
240990,10652
240990,63510
240990,57414
240990,50718
69249,1370
69249,30500
69249,48574
69249,50716
69249,49888
69249,60978
192942,1370
192942,30500
192942,56714
192942,61542
192942,11262
192942,35732
192942,48574
192942,61552
192942,39186
192942,34092
192942,44302
192942,33886
192942,1372
192942,1304
192942,60978
192942,35846
192942,10652
192942,62944
192942,63510
192942,57414
153024,1370
153024,61542
153024,11262
153024,1304
203127,30500
203127,11262
203127,50716
203127,33886
203127,57414
223728,1370
223728,30500
223728,56714
223728,61542
223728,11262
223728,35732
223728,50716
223728,16358
223728,33886
223728,1372
223728,59822
223728,1304
223728,60978
223728,62944
223728,57414
183813,54096
183813,11262
183813,48574
183813,57414
175815,1370
166002,1370
166002,30500
166002,61542
166002,11262
166002,35732
166002,50716
166002,33886
166002,1304
166002,60978
166002,42132
208092,30500
208092,50270
208092,50716
208092,39186
208092,60978
208092,61028
208092,63510
123150,1370
123150,61542
123150,11262
123150,33886
123150,1304
123150,49888
210585,11262
210585,33886
210585,10808
210585,1304
210585,60978
166029,61364
166029,1370
166029,30500
166029,56714
166029,11262
166029,39186
166029,1372
166029,1304
166029,63188
208692,1370
208692,30500
208692,56714
208692,61542
208692,11262
208692,35732
208692,50716
208692,44302
208692,33886
208692,1304
208692,60978
208692,10652
208692,63510
68496,1370
68496,30500
68496,61542
68496,11262
68496,48574
68496,1304
68496,49888
68496,60978
68496,10652
68496,63510
68496,57414
68496,50718
209184,1370
209184,61542
209184,11262
209184,50716
209184,33886
209184,1304
209184,60978
220632,1370
220632,61542
220632,11262
220632,48574
220632,61552
220632,39186
220632,16358
220632,1372
220632,1304
220632,35846
220632,33534
220632,57414
166599,1370
166599,11262
166599,48574
166599,1304
199479,1370
199479,30500
199479,56714
199479,61542
199479,11262
199479,35732
199479,48574
199479,50716
199479,44302
199479,33886
199479,1372
199479,1304
199479,10652
199479,57414
208812,1370
208812,30500
208812,56714
208812,61542
208812,11262
208812,50716
208812,33886
208812,1304
80925,61542
80925,11262
80925,50716
80925,44302
80925,1304
80925,60978
209793,61364
209793,56714
209793,61542
209793,11262
209793,50716
209793,33886
209793,60
209793,1372
209793,59816
209793,1304
209793,60978
209793,35846
209793,42132
209793,51316
209793,63188
209793,63510
153912,61542
153912,11262
153912,1304
206646,30500
206646,56714
206646,11262
206646,50716
206646,1372
206646,1304
206646,60978
206613,11262
206613,50716
192768,61542
192768,11262
192768,48574
192768,1304
192768,63510
192768,57414
211761,1370
211761,56714
211761,11262
211761,35732
211761,1304
211761,60978
211761,63188
211761,57414
204375,1370
204375,30500
204375,56714
204375,61542
204375,54096
204375,11262
204375,35732
204375,16358
204375,33886
204375,1304
204375,49888
204375,60978
204375,10652
204375,63188
204375,63510
204375,57414
233559,1370
233559,56714
233559,33886
233559,1372
233559,1304
214968,1370
214968,30500
214968,56714
214968,11262
214968,50716
214968,1304
214968,10652
214968,57414
186942,61542
186942,1372
186942,1304
186942,35846
208794,1370
208794,61542
208794,11262
208794,16358
208794,1304
208794,35846
212586,61364
212586,1370
212586,56714
212586,11262
212586,48574
212586,50716
212586,39186
212586,44302
212586,1372
212586,49888
212586,60978
212586,61028
212586,63188
212586,57414
207498,30500
207498,61542
207498,11262
207498,35732
207498,1304
207498,60978
245976,1370
245976,11262
245976,35732
245976,50716
245976,33886
245976,1304
245976,10652
245976,57414
154953,30500
154953,11262
154953,50716
154953,39186
154953,33886
154953,1372
198981,1370
198981,30500
198981,56714
198981,61542
198981,11262
198981,35732
198981,48574
198981,39186
198981,44302
198981,1372
198981,59822
198981,1304
198981,60978
198981,63188
198981,63510
198981,57414
226848,1370
226848,30500
226848,61542
226848,11262
226848,1304
171684,1370
171684,61542
171684,11262
171684,33886
171684,1372
171684,1304
171684,63188
204774,11262
204774,1304
207999,1370
207999,30500
207999,56714
207999,61672
207999,61542
207999,11262
207999,35732
207999,48574
207999,16358
207999,1372
207999,59822
207999,1304
207999,60978
207999,10652
207999,63510
207999,57414
182295,61364
182295,1370
182295,30500
182295,61542
182295,11262
182295,50716
182295,33886
182295,1304
165684,1370
165684,30500
165684,56714
165684,61542
165684,11262
165684,48574
165684,34092
165684,44302
165684,33886
165684,1304
165684,10652
165684,33534
165684,62944
165684,57414
209625,11262
209625,50716
209625,39186
209625,10808
209625,1372
64845,1370
64845,11262
64845,50716
64845,33886
64845,1372
64845,1304
64845,10652
203166,1370
203166,30500
203166,56714
203166,11262
203166,35732
203166,48574
203166,39186
203166,44302
203166,33886
203166,1372
203166,59822
203166,1304
203166,60978
203166,10652
203166,63510
203166,57414
211542,11262
211542,48574
211542,50716
211542,33886
211542,1304
224280,1370
224280,30500
224280,56714
224280,11262
224280,48574
224280,50716
224280,44302
224280,33886
224280,49888
224280,10652
224280,57414
250977,1370
250977,30500
250977,56714
250977,11262
250977,35732
250977,33886
250977,1304
250977,63188
250977,63510
250977,57414
154827,1370
154827,11262
154827,33886
154827,1372
154827,49888
227670,1370
227670,30500
227670,56714
227670,11262
227670,35732
227670,48574
227670,39186
227670,44302
227670,1304
227670,60978
227670,10652
227670,62944
227670,63510
227670,57414
227670,50718
208116,1370
208116,11262
208116,48574
208116,50716
208116,1304
208116,57414
153438,61364
153438,1370
153438,61542
153438,11262
153438,35732
153438,48574
153438,61552
153438,1372
153438,1304
153438,35846
153438,63188
153438,57414
250020,1370
250020,11262
250020,50716
250020,16358
250020,33886
250020,1304
250020,49888
250020,10652
250020,63510
250020,57414
154404,1370
154404,11262
154404,50716
205332,1370
205332,11262
205332,35732
205332,48574
205332,50716
205332,39186
205332,1372
205332,1304
205332,60978
205332,63188
205332,57414
203868,1370
203868,30500
203868,56714
203868,54096
203868,11262
203868,48574
203868,50716
203868,33886
203868,1372
203868,59822
203868,1304
203868,57414
203868,62376
155034,1304
229812,1370
229812,11262
229812,1304
229812,60978
192717,11262
192717,50716
244731,1370
244731,30500
244731,56714
244731,54096
244731,11262
244731,35732
244731,50716
244731,39186
244731,44302
244731,33886
244731,50274
244731,10652
244731,63188
244731,57414
244731,59396
243981,1370
243981,61542
243981,11262
243981,1304
250653,1370
250653,30500
250653,56714
250653,11262
250653,33886
250653,63510
167136,1370
167136,56714
167136,11262
167136,44302
244971,30500
244971,56714
244971,39186
244971,44302
244971,50274
244971,63510
244971,59396
244971,62618
244971,62400
245868,56714
245868,50274
245868,60
245868,1372
245868,49888
180471,1370
180471,56714
242505,1370
242505,56714
242505,61542
242505,11262
242505,50716
242505,1304
217002,1370
217002,30500
217002,56714
217002,11262
217002,35732
217002,48574
217002,50716
217002,34092
217002,44302
217002,1372
217002,63188
217002,62944
217002,57414
210342,61364
210342,1370
210342,30500
210342,56714
210342,61542
210342,11262
210342,35732
210342,48574
210342,1372
210342,1304
210342,63188
210342,57414
204924,30500
204924,56714
204924,11262
204924,50716
204924,50274
204924,49888
204924,60978
153138,1370
153138,30500
153138,56714
153138,61542
153138,11262
153138,35732
153138,33886
153138,1304
153138,10652
153138,61560
222843,30500
222843,61542
222843,11262
222843,1304
240852,1370
240852,11262
240852,50716
240852,16358
234951,56714
234951,50274
234951,10808
234951,57414
177921,1370
177921,1304
190152,30500
190152,56714
190152,11262
190152,50716
190152,44302
190152,33886
190152,1304
190152,63510
190152,57414
247548,1370
247548,11262
247548,1304
250221,1370
250221,56714
250221,11262
250221,35732
250221,16358
250221,1304
250221,33534
251085,30500
251085,11262
251085,50716
251085,39186
251085,1304
251085,62944
251085,57414
244005,1370
244005,30500
244005,56714
244005,54096
244005,11262
244005,50716
244005,39186
244005,34092
244005,16358
244005,44302
244005,1372
244005,42132
244005,63188
244005,63510
244005,57414
244005,63186
246711,1370
246711,30500
246711,56714
246711,11262
246711,50716
246711,33886
246711,10652
246711,63510
246711,57414
246711,50718
68676,1370
68676,30500
68676,56714
68676,61542
68676,11262
68676,50716
68676,33886
68676,1304
68676,35846
68676,63510
251625,11262
199242,56714
199242,11262
199242,50716
199242,16358
199242,59822
199242,60978
218958,30500
218958,11262
218958,44302
218958,33886
218958,49888
218958,60978
219030,1370
219030,11262
219030,50716
219030,33886
219030,63510
219030,57414
250629,30500
250629,56714
250629,11262
250629,63510
250629,57414
251235,1370
251235,30500
251235,56714
251235,11262
251235,50716
251235,63510
188106,1370
188106,30500
188106,11262
188106,35732
188106,50716
188106,39186
188106,1372
188106,1304
188106,10652
188106,61028
188106,63188
188106,63510
188106,62170
188106,62376
188106,62378
198855,56714
198855,48574
198855,1372
198855,63188
216822,1370
216822,30500
216822,56714
216822,11262
216822,50716
216822,1304
216822,63510
248796,1370
248796,30500
248796,56714
248796,54096
248796,11262
248796,35732
248796,50716
248796,39186
248796,34092
248796,33886
248796,10652
248796,63188
248796,63510
248796,57414
67056,1370
67056,11262
67056,1304
67056,62376
212595,1370
212595,30500
212595,56714
212595,11262
212595,50716
212595,34092
212595,1304
212595,10652
212595,57414
212595,50718
219132,1370
219132,56714
219132,61542
219132,11262
219132,61552
219132,50716
219132,1372
219132,1304
219132,35846
219132,10652
248871,1370
248871,11262
248871,33886
248871,1304
193542,50716
251442,1370
251442,30500
251442,54096
251442,11262
251442,50716
251442,39186
251442,16358
251442,33886
251442,10652
251442,62944
251442,63510
251442,57414
175878,1370
175878,56714
175878,11262
175878,61552
175878,33886
175878,1304
175878,35846
248724,1370
248724,30500
248724,56714
248724,11262
248724,50716
248724,57414
191553,11262
191553,48574
191553,50716
191553,33886
191553,1372
191553,1304
191553,63188
191553,57414
204717,11262
204717,33886
204717,49888
204717,63510
252405,1370
252405,11262
174195,1370
174195,30500
174195,11262
159330,1370
159330,11262
159330,16358
154374,11262
154374,50716
154374,1372
154374,1304
154374,35846
167364,1370
167364,30500
167364,56714
167364,54096
167364,11262
167364,35732
167364,50716
167364,39186
167364,44302
167364,33886
167364,1304
167364,10652
167364,62944
167364,63510
167364,57414
211344,30500
211344,56714
211344,50270
211344,11262
211344,35732
211344,39186
211344,124
211344,33886
211344,10652
249063,1370
249063,56714
249063,11262
249063,34092
249063,1304
249063,57414
251169,1370
251169,11262
251169,1304
198534,1370
198534,30500
198534,11262
198534,50716
241218,56714
241218,36720
241218,57804
241218,50274
224211,1370
224211,30500
224211,56714
224211,54096
224211,11262
224211,50716
224211,1372
224211,49888
224211,63188
224211,63510
69060,1370
69060,30500
69060,56714
69060,48574
69060,60978
69060,57414
154509,1370
154509,61542
154509,11262
154509,1304
250974,1370
250974,56714
250974,11262
250974,49888
211632,1370
211632,11262
211632,48574
211632,16358
211632,1304
211632,57414
154665,1370
154665,30500
154665,11262
154665,48574
154665,1372
154665,1304
154665,57414
252081,11262
248550,1370
248550,56714
248550,57414
252774,30500
252774,11262
252774,33886
203727,30500
203727,11262
203727,48574
203727,50716
203727,1304
203727,57414
247374,1370
247374,56714
247374,11262
247374,50716
247374,1372
247374,1304
247374,63188
247374,62944
247374,57414
180195,1370
180195,48574
180195,57414
249222,30500
198873,1370
198873,30500
198873,56714
198873,11262
198873,50716
198873,39186
198873,44302
203151,1370
203151,30500
203151,56714
203151,11262
203151,50716
203151,34092
203151,33886
203151,50274
203151,49888
203151,63510
203151,57414
153084,1370
153084,11262
153084,35732
153084,48574
153084,50716
153084,44302
153084,33886
153084,1372
153084,1304
153084,35846
153084,63188
153084,63510
153084,57414
154560,1370
154560,30500
154560,61542
154560,11262
154560,1304
182556,61542
182556,1304
199044,11262
199044,48574
199044,57414
246915,1370
246915,11262
246915,1304
246915,10652
173667,1370
173667,11262
173667,50716
173667,34092
173667,33886
228948,54096
228948,1372
228948,1304
228948,35846
228948,42132
247134,1370
247134,11262
247134,16358
247134,1372
232788,1370
232788,61542
232788,11262
232788,1304
157236,1370
157236,11262
157236,50716
157236,33886
157236,1304
155052,1370
155052,11262
155052,35732
155052,1304
195447,1370
195447,56714
195447,11262
195447,33886
203454,1370
203454,30500
203454,56714
203454,54096
203454,11262
203454,48574
203454,50716
203454,16358
203454,33886
203454,60978
203454,10652
203454,63510
203454,57414
205722,1370
205722,61542
205722,11262
205722,48574
205722,1304
205722,57414
219450,1370
219450,30500
219450,56714
219450,61542
219450,11262
219450,35732
219450,16358
219450,1372
219450,1304
219450,35846
219450,63188
201741,1370
201741,56714
201741,61542
201741,11262
201741,35732
201741,39186
201741,34092
201741,16358
201741,33886
201741,1304
201741,49888
201741,33534
207123,11262
207123,33886
226827,1370
226827,30500
226827,56714
226827,11262
226827,44302
226827,60978
243546,1370
243546,30500
243546,56714
243546,11262
243546,50716
243546,33886
204189,1370
204189,30500
204189,54096
204189,11262
204189,35732
204189,36720
204189,39186
204189,57804
204189,16358
204189,44302
204189,124
204189,33886
204189,3382
204189,1372
204189,50272
204189,1304
204189,60978
204189,35846
204189,10652
204189,42132
204189,50720
204189,36722
204189,36762
155100,1370
155100,11262
155100,35732
155100,1304
155100,60978
204057,30500
204057,56714
204057,11262
204057,50716
204057,44302
204057,33886
204057,1372
204057,1304
204057,60978
204057,10652
204057,63510
204057,57414
203055,1370
203055,61542
203055,11262
203055,33886
203055,1304
203055,62944
154008,1370
154008,1304
155337,1370
155337,11262
155337,1304
155337,10652
188847,56714
188847,11262
188847,1372
166005,1370
166005,56714
166005,61542
166005,11262
166005,35732
166005,50716
166005,33886
166005,1372
166005,59822
166005,1304
166005,10652
166005,57414
227223,1370
227223,61542
227223,11262
227223,1304
237675,1370
237675,11262
237675,35732
237675,61560
219231,11262
219231,50716
219231,33886
219231,60978
219231,63510
207822,1370
207822,56714
207822,11262
207822,50716
207822,16358
207822,35846
207822,10652
219420,1370
219420,30500
219420,61542
219420,11262
219420,50716
219420,1304
219420,60978
219420,10652
181371,1370
181371,56714
181371,11262
181371,35732
181371,48574
181371,50716
181371,39186
181371,1372
181371,49888
181371,61028
181371,63188
181371,57414
181371,50718
153288,1370
153288,56714
154383,1370
154383,11262
154383,1304
208473,1370
208473,11262
208473,33886
208473,1372
208473,1304
208473,49888
208473,60978
227829,61542
227829,11262
227829,39186
227829,33886
227829,1304
227829,63188
177873,56714
177873,61542
177873,11262
177873,1304
208068,1370
208068,30500
208068,56714
208068,11262
154821,1370
154821,30500
154821,56714
154821,11262
154821,35732
154821,50716
154821,33886
154821,1304
194601,1370
194601,30500
194601,54096
194601,11262
194601,35732
194601,36720
194601,39186
194601,16358
194601,44302
194601,124
194601,33886
194601,50274
194601,1372
194601,1304
194601,10652
154713,1370
154713,30500
154713,11262
154713,50716
206514,30500
206514,56714
206514,61542
206514,11262
206514,61552
206514,50716
206514,44302
206514,33886
206514,1372
206514,1304
206514,63188
206514,62944
206514,63510
206514,57414
153867,1370
153867,56714
153867,61542
153867,11262
153867,35732
153867,48574
153867,50716
153867,33886
153867,1372
153867,1304
153867,35846
153867,63188
153867,57414
206838,1370
206838,30500
206838,61542
206838,11262
206838,35732
206838,50716
206838,1372
206838,1304
206838,35846
209829,1370
209829,61542
209829,11262
209829,1304
206763,61364
206763,30500
206763,54096
206763,11262
206763,35732
206763,50716
206763,39186
206763,44302
206763,1372
206763,1304
206763,10652
206763,63188
200364,48574
200364,50716
200364,57414
223776,1370
223776,30500
223776,56714
223776,61542
223776,54096
223776,11262
223776,35732
223776,48574
223776,39186
223776,44302
223776,1372
223776,1304
223776,57414
65052,1370
65052,61542
65052,11262
65052,50716
65052,33886
65052,1304
65052,63510
181704,1370
181704,61542
181704,11262
181704,35732
181704,35846
203511,1370
203511,11262
203511,48574
203511,50716
203511,1304
203511,57414
195378,61364
195378,11262
195378,48574
195378,50716
195378,33886
195378,1372
195378,1304
195378,49888
195378,60978
195378,63510
195378,57414
208617,30500
208617,56714
208617,11262
208617,35732
208617,48574
208617,50716
208617,1372
208617,1304
208617,60978
208521,30500
208521,56714
208521,11262
208521,50716
208521,1304
208521,63510
208521,57414
221196,30500
221196,11262
221196,35732
221196,1304
221196,35846
210978,1370
210978,30500
210978,56714
210978,54096
210978,11262
210978,35732
210978,48574
210978,39186
210978,44302
210978,1372
210978,60978
210978,35846
210978,10652
210978,62944
210978,63510
210978,57414
210978,50718
157080,11262
157080,1304
206799,48574
206799,1372
206799,59816
206799,42132
206799,63186
210627,1370
210627,30500
210627,56714
210627,11262
210627,48574
210627,39186
210627,44302
210627,1372
210627,1304
210627,60978
210627,10652
210627,63188
210627,57414
212445,56714
212445,50270
212445,11262
212445,35732
212445,50716
212445,36720
212445,34092
212445,57804
212445,44302
212445,33886
212445,50274
212445,60978
212445,51974
212445,63510
212445,59396
207267,48574
207267,61552
207267,1372
207267,1304
207267,35846
207267,57414
63876,11262
206991,61364
206991,1370
206991,11262
206991,1372
206991,63188
166362,1370
166362,30500
166362,56714
166362,11262
166362,35732
166362,44302
166362,33886
166362,1304
166362,10652
166362,57414
228564,11262
228564,63510
220302,61542
220302,11262
220302,35732
220302,39186
220302,33886
220302,1304
220302,49888
220302,35846
220302,63510
220302,57414
210111,1372
195582,1370
195582,30500
195582,56714
195582,11262
195582,50716
176595,1370
176595,11262
65328,61364
65328,1370
65328,1372
65328,1304
65328,63188
154035,1370
154035,11262
185817,1370
128685,1370
128685,11262
244065,1370
244065,30500
244065,56714
244065,11262
244065,48574
244065,50716
244065,39186
244065,44302
244065,33886
244065,10652
244065,57414
60762,36720
60762,57804
60762,50274
153882,1370
153882,1304
212637,30500
212637,11262
212637,49888
153423,1370
153423,48574
153423,50716
153423,1372
153423,60978
220095,1370
212235,11262
154518,1370
154518,61542
154518,11262
154518,50716
154518,34092
154518,1304
153279,1370
153279,61542
153279,11262
153279,35732
153279,50716
153279,1304
233427,1370
188685,1370
188685,30500
188685,61542
188685,11262
188685,1372
188685,1304
163578,1370
163578,11262
163578,10652
205731,1304
190113,1370
190113,56714
190113,11262
190113,35732
190113,50716
190113,63510
183459,30500
183459,11262
183459,50716
183459,124
183459,1304
183459,10652
64860,1370
64860,30500
64860,11262
64860,35732
64860,50716
64860,39186
183675,1370
183675,30500
183675,56714
183675,11262
183675,48574
183675,50716
183675,1304
183675,57414
183675,50718
149634,30500
149634,61542
149634,11262
149634,35732
149634,48574
149634,1304
149634,60978
149634,10652
149634,63510
149634,57414
203784,1370
203784,11262
203784,1372
203784,1304
203784,63188
203784,63510
203784,57414
238875,1370
238875,30500
238875,56714
238875,11262
238875,35732
238875,1372
238875,1304
238875,63188
238875,57414
242130,56714
242130,57804
242130,50274
242130,60
242130,10808
242412,30500
242412,56714
242412,11262
242412,39186
242412,33886
242412,1372
242412,1304
242412,63188
242412,62944
242412,63510
249981,1370
249981,30500
249981,56714
249981,11262
249981,35732
249981,50716
249981,33886
249981,57414
251967,11262
251967,33886
246618,30500
246618,56714
246618,11262
246618,35732
246618,50716
246618,39186
246618,49888
246618,35846
244866,1370
244866,56714
244866,11262
210810,1370
210810,1304
215247,11262
215247,50716
215247,39186
215247,44302
215247,33886
154740,56714
154740,11262
154740,35732
154740,48574
154740,39186
154740,1304
207147,56714
207147,11262
207147,1304
207147,50718
249081,1370
249081,30500
249081,56714
249081,11262
249081,35732
249081,50716
249081,33886
249081,1304
249081,10652
249081,62944
247260,56714
247260,10808
247260,49888
247260,62274
195894,1370
195894,56714
195894,11262
195894,48574
195894,33886
195894,1372
195894,1304
195894,60978
195894,63188
195894,57414
252057,50274
183786,1370
183786,11262
183786,50716
183786,33886
218121,1370
218121,54096
218121,11262
218121,50716
218121,1304
203661,1370
203661,56714
203661,11262
203661,48574
203661,50716
203661,33886
203661,1304
203661,60978
203661,10652
203661,57414
251631,1370
251631,30500
251631,56714
251631,11262
251631,50716
251631,39186
251631,33886
251631,1304
251631,62944
251631,63510
251631,57414
180801,30500
180801,35732
180801,50716
180801,39186
180801,60978
226140,11262
226140,50716
226140,39186
226140,44302
226140,33886
247002,11262
247002,50716
247002,63510
249294,1370
249294,11262
249294,50716
249294,1304
249294,63510
249687,1370
249687,30500
249687,56714
249687,11262
249687,50716
249687,33886
249687,1372
249687,63188
249687,62944
249687,63510
249687,57414
248205,1370
248205,30500
248205,56714
248205,11262
248205,35732
248205,50716
248205,39186
248205,10652
248205,57414
247962,30500
247962,56714
247962,54096
247962,11262
247962,50716
247962,57804
247962,44302
247962,124
247962,62944
247962,63510
251619,30500
251619,56714
251619,54096
251619,11262
251619,50716
251619,39186
251619,57804
251619,44302
251619,124
251619,33886
251619,1304
251619,63188
251619,62944
251619,59394
251619,63510
251619,57414
251619,59396
251619,63538
163554,50274
163554,50272
163554,59396
248706,1370
248706,11262
248706,50716
248706,16358
251382,11262
251382,1304
251382,49888
203181,1370
203181,35732
203181,16358
157710,1370
157710,11262
157710,33886
250362,1370
250362,11262
250362,50716
232452,1370
232452,54096
232452,11262
232452,16358
232452,1304
232452,60978
232452,35846
232452,63188
207345,1370
207345,30500
207345,56714
207345,11262
207345,48574
207345,50716
207345,44302
207345,33886
207345,1372
207345,1304
207345,60978
207345,46632
221247,56714
221247,36720
221247,57804
221247,50274
221247,10808
235842,1370
235842,11262
235842,33886
184113,1370
184113,61542
184113,11262
184113,35732
184113,48574
184113,50716
184113,34092
184113,33886
184113,1372
184113,1304
184113,10652
184113,63188
184113,62944
184113,63510
184113,57414
184113,50718
184113,62378
205821,1370
205821,30500
205821,56714
205821,11262
205821,50716
205821,44302
205821,1304
154494,61364
154494,1370
154494,61672
154494,61542
154494,11262
154494,35732
154494,48574
154494,50716
154494,39186
154494,33886
154494,1372
154494,1304
154494,60978
154494,10652
154494,63188
154494,63510
154494,57414
206343,30500
206343,56714
206343,11262
206343,44302
206343,33886
206343,60978
213987,1370
213987,11262
192756,30500
192756,11262
192756,35732
192756,48574
192756,50716
192756,33886
192756,1304
192756,60978
192756,57414
192756,50718
187974,1370
187974,61542
187974,11262
187974,35732
187974,50716
187974,16358
187974,33886
187974,1304
187974,35846
187974,10652
187974,33534
227295,1370
227295,30500
227295,56714
227295,61542
227295,11262
227295,35732
227295,48574
227295,39186
227295,44302
227295,33886
227295,1372
227295,1304
227295,49888
227295,10652
227295,57414
184674,1370
184674,11262
184674,1304
184674,57414
155403,30500
155403,56714
155403,61542
155403,11262
155403,50716
155403,33886
155403,1304
155403,35846
212505,33886
212505,1304
178818,11262
178818,1304
65067,1370
65067,11262
65067,1304
65067,10652
65067,57414
220179,56714
220179,11262
220179,50716
220179,10808
204483,1370
204483,30500
204483,11262
204483,48574
204483,50716
204483,1372
204483,1304
204483,63510
204483,57414
148782,50716
148782,33886
148782,1304
148782,63510
246963,1370
246963,30500
246963,56714
246963,11262
246963,39186
246963,44302
246963,33886
246963,1304
246963,10652
246963,57414
249855,56714
249855,11262
249855,33886
246858,30500
246858,11262
246858,35732
246858,50716
246858,124
246858,33886
246858,10652
246858,63510
246858,56696
246858,62400
247986,30500
247986,56714
247986,11262
247986,50716
247986,1304
247986,57414
181746,1370
181746,11262
181746,50716
153888,1370
153888,30500
153888,56714
153888,11262
153888,35732
153888,48574
153888,50716
153888,39186
153888,1304
153888,10652
153888,62944
153888,57414
198792,1370
198792,56714
198792,11262
198792,35732
198792,1304
211740,16358
162810,1370
162810,30500
162810,54096
162810,11262
162810,35732
162810,36720
162810,39186
162810,57804
162810,124
162810,33886
162810,50274
162810,3382
162810,1304
162810,49888
162810,10652
247878,1370
247878,56714
247878,11262
247878,35732
247878,1304
243390,30500
243390,11262
243390,50716
243390,49888
247029,1370
222621,1370
222621,61542
222621,11262
222621,48574
222621,1372
222621,1304
162624,61542
162624,11262
162624,1372
162624,1304
156024,1370
156024,11262
156024,1372
156024,63188
156024,57414
206964,30500
206964,56714
206964,11262
206964,1304
210441,1370
210441,11262
210441,1304
211812,1370
211812,56714
211812,11262
211812,50716
211812,1304
211683,1370
211683,30500
211683,61542
211683,54096
211683,11262
211683,48574
211683,50716
211683,1304
211683,57414
235458,61364
235458,1370
235458,30500
235458,56714
235458,61542
235458,11262
235458,48574
235458,50716
235458,1372
235458,63510
235458,57414
178761,1370
178761,30500
178761,56714
178761,11262
178761,48574
178761,50716
178761,1372
178761,1304
178761,57414
197676,1370
197676,61542
197676,11262
197676,35732
197676,48574
197676,39186
197676,33886
197676,1372
197676,1304
197676,49888
197676,10652
197676,63188
197676,57414
204054,1370
204054,30500
204054,54096
204054,11262
216033,61364
216033,1370
216033,30500
216033,56714
216033,11262
216033,48574
216033,39186
216033,44302
216033,33886
216033,1372
216033,61028
207396,1370
207396,11262
224208,1370
224208,30500
224208,56714
224208,11262
224208,48574
224208,50716
224208,36720
224208,57804
224208,50274
224208,1372
153744,11262
153744,61552
153744,39186
153744,1304
153744,35846
205947,1370
205947,11262
205947,35732
205947,49888
66336,1370
66336,30500
66336,56714
66336,61542
66336,48574
66336,50716
66336,16358
66336,1372
66336,1304
66336,49888
66336,10652
66336,57414
233961,1370
233961,56714
233961,11262
233961,1304
189009,61542
189009,11262
189009,61558
189009,1304
189009,35846
248064,1370
248064,56714
248064,11262
248064,1304
222759,30500
222759,54096
222759,11262
222759,44302
222759,49888
222759,62944
222759,63510
251766,11262
251766,50716
251766,33886
65598,30500
65598,50716
65598,39186
65598,44302
65598,1372
65598,63188
65598,57414
251142,1370
251142,35732
251142,1304
175239,1370
175239,11262
175239,50716
175239,33886
175239,1304
175239,57414
67158,1370
67158,30500
67158,56714
67158,11262
67158,35732
67158,50716
67158,39186
67158,10652
243789,1370
243789,30500
243789,56714
243789,11262
243789,50716
243789,1304
243789,57414
243789,50718
153792,1370
153792,54096
153792,11262
153792,35732
153792,48574
153792,50716
153792,34092
153792,44302
153792,33886
153792,1372
153792,1304
153792,60978
153792,46632
153792,10652
153792,62944
153792,63510
153792,57414
153792,48980
206484,61364
206484,30500
206484,56714
206484,61542
206484,11262
206484,35732
206484,50716
206484,39186
206484,33886
206484,1372
206484,1304
206484,49888
206484,10652
206484,42132
206484,63188
206484,63510
206484,57414
247239,1370
247239,56714
247239,11262
247239,50716
247239,34092
247239,1304
247239,57414
247239,48980
206457,1370
162960,11262
162960,50716
243477,1370
243477,61542
243477,11262
243477,33886
243477,1304
246033,54096
232503,56714
232503,50716
232503,1372
164871,1370
164871,50716
164871,44302
164871,49888
244092,1370
244092,11262
245826,11262
181110,56714
181110,36720
181110,34092
181110,57804
181110,50274
181110,10808
181110,60978
248682,1370
248682,11262
248682,33886
246216,56714
246216,11262
246216,1304
246216,63510
246216,57414
205995,1370
205995,30500
205995,11262
205995,50716
205995,33886
205995,1372
205995,1304
205995,63510
71301,1370
71301,56714
71301,61542
71301,11262
71301,48574
71301,33886
71301,1372
71301,1304
71301,63510
71301,57414
162792,1370
162792,11262
162792,1372
162792,1304
162792,63188
246150,1370
246150,30500
246150,56714
246150,54096
246150,11262
246150,35732
246150,39186
246150,10808
246150,1372
246150,1304
246150,10652
246150,63188
246150,63510
246150,57414
246150,50718
167514,30500
167514,11262
210129,1370
210129,1372
210129,1304
206481,30500
206481,54096
206481,11262
206481,50716
206481,39186
206481,44302
206481,33886
206481,1304
206481,63510
243954,1370
243954,11262
243954,50716
216366,11262
216366,35732
216366,50716
64764,30500
64764,11262
64764,50716
64764,44302
64764,33886
64764,60978
154812,42132
235380,30500
235380,56714
235380,11262
235380,50716
235380,44302
235380,1304
238611,1370
238611,11262
238611,50716
238611,10652
245046,1370
245046,30500
245046,11262
245046,33886
245046,57414
249297,1370
249297,11262
249297,50716
249297,1304
249297,63188
208881,56714
208881,33886
251391,60
212181,1370
212181,30500
212181,11262
212181,44302
212181,10652
208560,11262
208560,48574
208560,50716
153720,1370
153720,39186
153720,33886
153720,1304
153720,63188
215985,30500
215985,11262
215985,39186
215985,33886
215112,30500
215112,56714
215112,11262
215112,39186
215112,44302
215112,10652
215112,63510
249843,11262
61629,56714
61629,11262
61629,48574
61629,50716
61629,1372
61347,1370
61347,30500
61347,11262
61347,50716
61347,44302
212433,56714
212433,11262
212433,50716
212433,1304
249159,1370
249159,30500
249159,56714
249159,11262
249159,33886
244869,1370
244869,30500
244869,11262
244869,50716
217872,1370
217872,61542
217872,11262
217872,1304
236973,11262
236973,50716
236973,1304
236973,60978
153675,11262
153675,50716
153675,1372
222852,11262
154635,11262
214998,56714
214998,57804
214998,50274
214998,10808
207099,11262
207099,50716
249411,11262
240924,11262
240924,50716
457455,11262
457455,36720
457455,57804
457455,44302
457455,50274
208080,1370
208080,61542
208080,11262
208080,1304
163032,50274
163032,10808
251610,1370
251610,56714
251610,11262
251610,33886
251610,1304
251610,10652
251610,62944
251610,63510
251610,63538
253098,1370
253098,11262
253098,1304
210408,1370
210408,11262
165126,49888
250782,1370
250782,11262
250782,1304
250749,1370
250749,11262
250749,50716
250749,33886
249795,1370
249795,30500
249795,11262
249795,50716
249795,39186
249795,1304
249795,63510
172008,11262
172008,50716
249513,1370
249513,56714
249513,11262
180672,11262
180672,57414
246042,33886
201030,30500
201030,11262
201030,33886
201030,63510
201030,57414
206616,11262
206616,1304
209970,30500
209970,56714
252210,30500
252210,56714
252210,11262
252210,50716
252210,39186
252210,44302
252210,33886
252210,1304
252210,62944
252210,63510
252210,57414
252210,56696
252177,1370
252177,56714
252177,11262
252177,33886
252177,63510
252177,57414
214194,11262
203118,11262
208911,11262
251202,30500
251202,11262
251202,50716
251202,62944
251202,63510
252618,11262
217536,56714
217536,50274
253308,30500
253308,11262
253308,63510
251493,11262
251493,34092
251493,33886
249573,36720
249573,57804
249573,50274
251121,11262
251121,50716
251721,1370
251721,56714
251721,63510
253557,11262
212574,1370
212574,30500
212574,11262
212574,33886
198057,11262
248598,11262
252396,11262
252396,33886
252396,62944
253866,11262
253866,63510
